game_id,season,game_type,week,game_date,kickoff_time_raw,away_team_abbr,away_team_name,away_team_raw,home_team_abbr,home_team_name,home_team_raw,venue_clean,venue_raw,home_stadium_venue,weather_match_venue,weather_match_type,game_city,game_country,is_neutral_site,is_international,attendance,attendance_source_row_count,season_exists_in_attendance,season_week_exists_in_attendance,season_week_team_exists_in_attendance,matched_flag,unmatched_reason
2015_POST_18_KC_HOU_20160109,2015,POST,18,2016-01-09,16:35,KC,Kansas City Chiefs,KC,HOU,Houston Texans,HOU,NRG Stadium,NRG Stadium,NRG Stadium,NRG Stadium,home_team_primary_stadium,,United States,False,False,,,True,False,False,False,season_week_not_found_in_attendance
2015_POST_18_PIT_CIN_20160109,2015,POST,18,2016-01-09,20:15,PIT,Pittsburgh Steelers,PIT,CIN,Cincinnati Bengals,CIN,Paycor Stadium,Paul Brown Stadium,Paycor Stadium,Paycor Stadium,home_team_primary_stadium,,United States,False,False,,,True,False,False,False,season_week_not_found_in_attendance
2015_POST_18_GB_WSH_20160110,2015,POST,18,2016-01-10,16:40,GB,Green Bay Packers,GB,WSH,Washington Commanders,WAS,Northwest Stadium,FedExField,Northwest Stadium,Northwest Stadium,home_team_primary_stadium,,United States,False,False,,,True,False,False,False,season_week_not_found_in_attendance
2015_POST_18_SEA_MIN_20160110,2015,POST,18,2016-01-10,13:05,SEA,Seattle Seahawks,SEA,MIN,Minnesota Vikings,MIN,TCF Bank Stadium,TCF Bank Stadium,U.S. Bank Stadium,TCF Bank Stadium,actual_game_venue,,United States,True,False,,,True,False,False,False,season_week_not_found_in_attendance
2015_POST_19_GB_ARI_20160116,2015,POST,19,2016-01-16,20:15,GB,Green Bay Packers,GB,ARI,Arizona Cardinals,ARI,State Farm Stadium,University of Phoenix Stadium,State Farm Stadium,State Farm Stadium,home_team_primary_stadium,,United States,False,False,,,True,False,False,False,season_week_not_found_in_attendance
2015_POST_19_KC_NE_20160116,2015,POST,19,2016-01-16,16:35,KC,Kansas City Chiefs,KC,NE,New England Patriots,NE,Gillette Stadium,Gillette Stadium,Gillette Stadium,Gillette Stadium,home_team_primary_stadium,,United States,False,False,,,True,False,False,False,season_week_not_found_in_attendance
2015_POST_19_PIT_DEN_20160117,2015,POST,19,2016-01-17,16:40,PIT,Pittsburgh Steelers,PIT,DEN,Denver Broncos,DEN,Empower Field at Mile High,Sports Authority Field at Mile High,Empower Field at Mile High,Empower Field at Mile High,home_team_primary_stadium,,United States,False,False,,,True,False,False,False,season_week_not_found_in_attendance
2015_POST_19_SEA_CAR_20160117,2015,POST,19,2016-01-17,13:05,SEA,Seattle Seahawks,SEA,CAR,Carolina Panthers,CAR,Bank of America Stadium,Bank of America Stadium,Bank of America Stadium,Bank of America Stadium,home_team_primary_stadium,,United States,False,False,,,True,False,False,False,season_week_not_found_in_attendance
2015_CON_20_ARI_CAR_20160124,2015,CON,20,2016-01-24,18:40,ARI,Arizona Cardinals,ARI,CAR,Carolina Panthers,CAR,Bank of America Stadium,Bank of America Stadium,Bank of America Stadium,Bank of America Stadium,home_team_primary_stadium,,United States,False,False,,,True,False,False,False,season_week_not_found_in_attendance
2015_CON_20_NE_DEN_20160124,2015,CON,20,2016-01-24,15:05,NE,New England Patriots,NE,DEN,Denver Broncos,DEN,Empower Field at Mile High,Sports Authority Field at Mile High,Empower Field at Mile High,Empower Field at Mile High,home_team_primary_stadium,,United States,False,False,,,True,False,False,False,season_week_not_found_in_attendance
2015_POST_21_CAR_DEN_20160207,2015,POST,21,2016-02-07,18:30,CAR,Carolina Panthers,CAR,DEN,Denver Broncos,DEN,Levi's Stadium,Levi's Stadium,Empower Field at Mile High,Levi's Stadium,actual_game_venue,,United States,True,False,,,True,False,False,False,season_week_not_found_in_attendance
2016_POST_18_DET_SEA_20170107,2016,POST,18,2017-01-07,20:15,DET,Detroit Lions,DET,SEA,Seattle Seahawks,SEA,Lumen Field,CenturyLink Field,Lumen Field,Lumen Field,home_team_primary_stadium,,United States,False,False,,,True,False,False,False,season_week_not_found_in_attendance
2016_POST_18_LV_HOU_20170107,2016,POST,18,2017-01-07,16:35,LV,Las Vegas Raiders,OAK,HOU,Houston Texans,HOU,NRG Stadium,NRG Stadium,NRG Stadium,NRG Stadium,home_team_primary_stadium,,United States,False,False,,,True,False,False,False,season_week_not_found_in_attendance
2016_POST_18_MIA_PIT_20170108,2016,POST,18,2017-01-08,13:05,MIA,Miami Dolphins,MIA,PIT,Pittsburgh Steelers,PIT,Acrisure Stadium,Heinz Field,Acrisure Stadium,Acrisure Stadium,home_team_primary_stadium,,United States,False,False,,,True,False,False,False,season_week_not_found_in_attendance
2016_POST_18_NYG_GB_20170108,2016,POST,18,2017-01-08,16:40,NYG,New York Giants,NYG,GB,Green Bay Packers,GB,Lambeau Field,Lambeau Field,Lambeau Field,Lambeau Field,home_team_primary_stadium,,United States,False,False,,,True,False,False,False,season_week_not_found_in_attendance
2016_POST_19_HOU_NE_20170114,2016,POST,19,2017-01-14,20:15,HOU,Houston Texans,HOU,NE,New England Patriots,NE,Gillette Stadium,Gillette Stadium,Gillette Stadium,Gillette Stadium,home_team_primary_stadium,,United States,False,False,,,True,False,False,False,season_week_not_found_in_attendance
2016_POST_19_SEA_ATL_20170114,2016,POST,19,2017-01-14,16:35,SEA,Seattle Seahawks,SEA,ATL,Atlanta Falcons,ATL,Georgia Dome,Georgia Dome,Mercedes-Benz Stadium,Georgia Dome,actual_game_venue,,United States,True,False,,,True,False,False,False,season_week_not_found_in_attendance
2016_POST_19_GB_DAL_20170115,2016,POST,19,2017-01-15,16:40,GB,Green Bay Packers,GB,DAL,Dallas Cowboys,DAL,AT&T Stadium,AT&T Stadium,AT&T Stadium,AT&T Stadium,home_team_primary_stadium,,United States,False,False,,,True,False,False,False,season_week_not_found_in_attendance
2016_POST_19_PIT_KC_20170115,2016,POST,19,2017-01-15,20:20,PIT,Pittsburgh Steelers,PIT,KC,Kansas City Chiefs,KC,Arrowhead Stadium,Arrowhead Stadium,Arrowhead Stadium,Arrowhead Stadium,home_team_primary_stadium,,United States,False,False,,,True,False,False,False,season_week_not_found_in_attendance
2016_CON_20_GB_ATL_20170122,2016,CON,20,2017-01-22,15:05,GB,Green Bay Packers,GB,ATL,Atlanta Falcons,ATL,Georgia Dome,Georgia Dome,Mercedes-Benz Stadium,Georgia Dome,actual_game_venue,,United States,True,False,,,True,False,False,False,season_week_not_found_in_attendance
2016_CON_20_PIT_NE_20170122,2016,CON,20,2017-01-22,18:40,PIT,Pittsburgh Steelers,PIT,NE,New England Patriots,NE,Gillette Stadium,Gillette Stadium,Gillette Stadium,Gillette Stadium,home_team_primary_stadium,,United States,False,False,,,True,False,False,False,season_week_not_found_in_attendance
2016_POST_21_NE_ATL_20170205,2016,POST,21,2017-02-05,18:30,NE,New England Patriots,NE,ATL,Atlanta Falcons,ATL,NRG Stadium,NRG Stadium,Mercedes-Benz Stadium,NRG Stadium,actual_game_venue,,United States,True,False,,,True,False,False,False,season_week_not_found_in_attendance
2017_POST_18_ATL_LAR_20180106,2017,POST,18,2018-01-06,20:15,ATL,Atlanta Falcons,ATL,LAR,Los Angeles Rams,LA,Los Angeles Memorial Coliseum,Los Angeles Memorial Coliseum,SoFi Stadium,Los Angeles Memorial Coliseum,actual_game_venue,,United States,True,False,,,True,False,False,False,season_week_not_found_in_attendance
2017_POST_18_TEN_KC_20180106,2017,POST,18,2018-01-06,16:36,TEN,Tennessee Titans,TEN,KC,Kansas City Chiefs,KC,Arrowhead Stadium,Arrowhead Stadium,Arrowhead Stadium,Arrowhead Stadium,home_team_primary_stadium,,United States,False,False,,,True,False,False,False,season_week_not_found_in_attendance
2017_POST_18_BUF_JAX_20180107,2017,POST,18,2018-01-07,13:05,BUF,Buffalo Bills,BUF,JAX,Jacksonville Jaguars,JAX,EverBank Stadium,EverBank Field,EverBank Stadium,EverBank Stadium,home_team_primary_stadium,,United States,False,False,,,True,False,False,False,season_week_not_found_in_attendance
2017_POST_18_CAR_NO_20180107,2017,POST,18,2018-01-07,16:40,CAR,Carolina Panthers,CAR,NO,New Orleans Saints,NO,Caesars Superdome,Mercedes-Benz Superdome,Caesars Superdome,Caesars Superdome,home_team_primary_stadium,,United States,False,False,,,True,False,False,False,season_week_not_found_in_attendance
2017_POST_19_ATL_PHI_20180113,2017,POST,19,2018-01-13,16:35,ATL,Atlanta Falcons,ATL,PHI,Philadelphia Eagles,PHI,Lincoln Financial Field,Lincoln Financial Field,Lincoln Financial Field,Lincoln Financial Field,home_team_primary_stadium,,United States,False,False,,,True,False,False,False,season_week_not_found_in_attendance
2017_POST_19_TEN_NE_20180113,2017,POST,19,2018-01-13,20:15,TEN,Tennessee Titans,TEN,NE,New England Patriots,NE,Gillette Stadium,Gillette Stadium,Gillette Stadium,Gillette Stadium,home_team_primary_stadium,,United States,False,False,,,True,False,False,False,season_week_not_found_in_attendance
2017_POST_19_JAX_PIT_20180114,2017,POST,19,2018-01-14,13:05,JAX,Jacksonville Jaguars,JAX,PIT,Pittsburgh Steelers,PIT,Acrisure Stadium,Heinz Field,Acrisure Stadium,Acrisure Stadium,home_team_primary_stadium,,United States,False,False,,,True,False,False,False,season_week_not_found_in_attendance
2017_POST_19_NO_MIN_20180114,2017,POST,19,2018-01-14,16:40,NO,New Orleans Saints,NO,MIN,Minnesota Vikings,MIN,U.S. Bank Stadium,U.S. Bank Stadium,U.S. Bank Stadium,U.S. Bank Stadium,home_team_primary_stadium,,United States,False,False,,,True,False,False,False,season_week_not_found_in_attendance
2017_CON_20_JAX_NE_20180121,2017,CON,20,2018-01-21,15:05,JAX,Jacksonville Jaguars,JAX,NE,New England Patriots,NE,Gillette Stadium,Gillette Stadium,Gillette Stadium,Gillette Stadium,home_team_primary_stadium,,United States,False,False,,,True,False,False,False,season_week_not_found_in_attendance
2017_CON_20_MIN_PHI_20180121,2017,CON,20,2018-01-21,18:41,MIN,Minnesota Vikings,MIN,PHI,Philadelphia Eagles,PHI,Lincoln Financial Field,Lincoln Financial Field,Lincoln Financial Field,Lincoln Financial Field,home_team_primary_stadium,,United States,False,False,,,True,False,False,False,season_week_not_found_in_attendance
2017_POST_21_PHI_NE_20180204,2017,POST,21,2018-02-04,18:31,PHI,Philadelphia Eagles,PHI,NE,New England Patriots,NE,U.S. Bank Stadium,U.S. Bank Stadium,Gillette Stadium,U.S. Bank Stadium,actual_game_venue,,United States,True,False,,,True,False,False,False,season_week_not_found_in_attendance
2018_POST_18_IND_HOU_20190105,2018,POST,18,2019-01-05,16:35,IND,Indianapolis Colts,IND,HOU,Houston Texans,HOU,NRG Stadium,NRG Stadium,NRG Stadium,NRG Stadium,home_team_primary_stadium,,United States,False,False,,,True,False,False,False,season_week_not_found_in_attendance
2018_POST_18_SEA_DAL_20190105,2018,POST,18,2019-01-05,20:15,SEA,Seattle Seahawks,SEA,DAL,Dallas Cowboys,DAL,AT&T Stadium,AT&T Stadium,AT&T Stadium,AT&T Stadium,home_team_primary_stadium,,United States,False,False,,,True,False,False,False,season_week_not_found_in_attendance
2018_POST_18_LAC_BAL_20190106,2018,POST,18,2019-01-06,13:05,LAC,Los Angeles Chargers,LAC,BAL,Baltimore Ravens,BAL,M&T Bank Stadium,M&T Bank Stadium,M&T Bank Stadium,M&T Bank Stadium,home_team_primary_stadium,,United States,False,False,,,True,False,False,False,season_week_not_found_in_attendance
2018_POST_18_PHI_CHI_20190106,2018,POST,18,2019-01-06,16:40,PHI,Philadelphia Eagles,PHI,CHI,Chicago Bears,CHI,Soldier Field,Soldier Field,Soldier Field,Soldier Field,home_team_primary_stadium,,United States,False,False,,,True,False,False,False,season_week_not_found_in_attendance
2018_POST_19_DAL_LAR_20190112,2018,POST,19,2019-01-12,20:15,DAL,Dallas Cowboys,DAL,LAR,Los Angeles Rams,LA,Los Angeles Memorial Coliseum,Los Angeles Memorial Coliseum,SoFi Stadium,Los Angeles Memorial Coliseum,actual_game_venue,,United States,True,False,,,True,False,False,False,season_week_not_found_in_attendance
2018_POST_19_IND_KC_20190112,2018,POST,19,2019-01-12,16:35,IND,Indianapolis Colts,IND,KC,Kansas City Chiefs,KC,Arrowhead Stadium,Arrowhead Stadium,Arrowhead Stadium,Arrowhead Stadium,home_team_primary_stadium,,United States,False,False,,,True,False,False,False,season_week_not_found_in_attendance
2018_POST_19_LAC_NE_20190113,2018,POST,19,2019-01-13,13:05,LAC,Los Angeles Chargers,LAC,NE,New England Patriots,NE,Gillette Stadium,Gillette Stadium,Gillette Stadium,Gillette Stadium,home_team_primary_stadium,,United States,False,False,,,True,False,False,False,season_week_not_found_in_attendance
2018_POST_19_PHI_NO_20190113,2018,POST,19,2019-01-13,16:40,PHI,Philadelphia Eagles,PHI,NO,New Orleans Saints,NO,Caesars Superdome,Mercedes-Benz Superdome,Caesars Superdome,Caesars Superdome,home_team_primary_stadium,,United States,False,False,,,True,False,False,False,season_week_not_found_in_attendance
2018_CON_20_LAR_NO_20190120,2018,CON,20,2019-01-20,15:05,LAR,Los Angeles Rams,LA,NO,New Orleans Saints,NO,Caesars Superdome,Mercedes-Benz Superdome,Caesars Superdome,Caesars Superdome,home_team_primary_stadium,,United States,False,False,,,True,False,False,False,season_week_not_found_in_attendance
2018_CON_20_NE_KC_20190120,2018,CON,20,2019-01-20,18:40,NE,New England Patriots,NE,KC,Kansas City Chiefs,KC,Arrowhead Stadium,Arrowhead Stadium,Arrowhead Stadium,Arrowhead Stadium,home_team_primary_stadium,,United States,False,False,,,True,False,False,False,season_week_not_found_in_attendance
2018_POST_21_NE_LAR_20190203,2018,POST,21,2019-02-03,18:30,NE,New England Patriots,NE,LAR,Los Angeles Rams,LA,Mercedes-Benz Stadium,Mercedes-Benz Stadium,SoFi Stadium,Mercedes-Benz Stadium,actual_game_venue,,United States,True,False,,,True,False,False,False,season_week_not_found_in_attendance
2019_POST_18_BUF_HOU_20200104,2019,POST,18,2020-01-04,16:35,BUF,Buffalo Bills,BUF,HOU,Houston Texans,HOU,NRG Stadium,NRG Stadium,NRG Stadium,NRG Stadium,home_team_primary_stadium,,United States,False,False,,,True,False,False,False,season_week_not_found_in_attendance
2019_POST_18_TEN_NE_20200104,2019,POST,18,2020-01-04,20:15,TEN,Tennessee Titans,TEN,NE,New England Patriots,NE,Gillette Stadium,Gillette Stadium,Gillette Stadium,Gillette Stadium,home_team_primary_stadium,,United States,False,False,,,True,False,False,False,season_week_not_found_in_attendance
2019_POST_18_MIN_NO_20200105,2019,POST,18,2020-01-05,13:05,MIN,Minnesota Vikings,MIN,NO,New Orleans Saints,NO,Caesars Superdome,Mercedes-Benz Superdome,Caesars Superdome,Caesars Superdome,home_team_primary_stadium,,United States,False,False,,,True,False,False,False,season_week_not_found_in_attendance
2019_POST_18_SEA_PHI_20200105,2019,POST,18,2020-01-05,16:40,SEA,Seattle Seahawks,SEA,PHI,Philadelphia Eagles,PHI,Lincoln Financial Field,Lincoln Financial Field,Lincoln Financial Field,Lincoln Financial Field,home_team_primary_stadium,,United States,False,False,,,True,False,False,False,season_week_not_found_in_attendance
2019_POST_19_MIN_SF_20200111,2019,POST,19,2020-01-11,16:35,MIN,Minnesota Vikings,MIN,SF,San Francisco 49ers,SF,Levi's Stadium,Levi's Stadium,Levi's Stadium,Levi's Stadium,home_team_primary_stadium,,United States,False,False,,,True,False,False,False,season_week_not_found_in_attendance
2019_POST_19_TEN_BAL_20200111,2019,POST,19,2020-01-11,20:15,TEN,Tennessee Titans,TEN,BAL,Baltimore Ravens,BAL,M&T Bank Stadium,M&T Bank Stadium,M&T Bank Stadium,M&T Bank Stadium,home_team_primary_stadium,,United States,False,False,,,True,False,False,False,season_week_not_found_in_attendance
2019_POST_19_HOU_KC_20200112,2019,POST,19,2020-01-12,15:05,HOU,Houston Texans,HOU,KC,Kansas City Chiefs,KC,Arrowhead Stadium,Arrowhead Stadium,Arrowhead Stadium,Arrowhead Stadium,home_team_primary_stadium,,United States,False,False,,,True,False,False,False,season_week_not_found_in_attendance
2019_POST_19_SEA_GB_20200112,2019,POST,19,2020-01-12,18:40,SEA,Seattle Seahawks,SEA,GB,Green Bay Packers,GB,Lambeau Field,Lambeau Field,Lambeau Field,Lambeau Field,home_team_primary_stadium,,United States,False,False,,,True,False,False,False,season_week_not_found_in_attendance
2019_CON_20_GB_SF_20200119,2019,CON,20,2020-01-19,18:40,GB,Green Bay Packers,GB,SF,San Francisco 49ers,SF,Levi's Stadium,Levi's Stadium,Levi's Stadium,Levi's Stadium,home_team_primary_stadium,,United States,False,False,,,True,False,False,False,season_week_not_found_in_attendance
2019_CON_20_TEN_KC_20200119,2019,CON,20,2020-01-19,15:05,TEN,Tennessee Titans,TEN,KC,Kansas City Chiefs,KC,Arrowhead Stadium,Arrowhead Stadium,Arrowhead Stadium,Arrowhead Stadium,home_team_primary_stadium,,United States,False,False,,,True,False,False,False,season_week_not_found_in_attendance
2019_POST_21_SF_KC_20200202,2019,POST,21,2020-02-02,18:30,SF,San Francisco 49ers,SF,KC,Kansas City Chiefs,KC,Hard Rock Stadium,Hard Rock Stadium,Arrowhead Stadium,Hard Rock Stadium,actual_game_venue,,United States,True,False,,,True,False,False,False,season_week_not_found_in_attendance
2021_REG_14_BUF_TB_20211212,2021,REG,14,2021-12-12,16:25,BUF,Buffalo Bills,BUF,TB,Tampa Bay Buccaneers,TB,Raymond James Stadium,Raymond James Stadium,Raymond James Stadium,Raymond James Stadium,home_team_primary_stadium,,United States,False,False,,,True,True,False,False,home_team_not_found_for_season_week
2021_REG_15_LV_CLE_20211220,2021,REG,15,2021-12-20,17:00,LV,Las Vegas Raiders,LV,CLE,Cleveland Browns,CLE,Huntington Bank Field,FirstEnergy Stadium,Huntington Bank Field,Huntington Bank Field,home_team_primary_stadium,,United States,False,False,,,True,True,False,False,home_team_not_found_for_season_week
2021_POST_19_LV_CIN_20220115,2021,POST,19,2022-01-15,16:30,LV,Las Vegas Raiders,LV,CIN,Cincinnati Bengals,CIN,Paycor Stadium,Paul Brown Stadium,Paycor Stadium,Paycor Stadium,home_team_primary_stadium,,United States,False,False,,,True,False,False,False,season_week_not_found_in_attendance
2021_POST_19_NE_BUF_20220115,2021,POST,19,2022-01-15,20:15,NE,New England Patriots,NE,BUF,Buffalo Bills,BUF,Highmark Stadium,New Era Field,Highmark Stadium,Highmark Stadium,home_team_primary_stadium,,United States,False,False,,,True,False,False,False,season_week_not_found_in_attendance
2021_POST_19_PHI_TB_20220116,2021,POST,19,2022-01-16,13:00,PHI,Philadelphia Eagles,PHI,TB,Tampa Bay Buccaneers,TB,Raymond James Stadium,Raymond James Stadium,Raymond James Stadium,Raymond James Stadium,home_team_primary_stadium,,United States,False,False,,,True,False,False,False,season_week_not_found_in_attendance
2021_POST_19_PIT_KC_20220116,2021,POST,19,2022-01-16,20:15,PIT,Pittsburgh Steelers,PIT,KC,Kansas City Chiefs,KC,Arrowhead Stadium,GEHA Field at Arrowhead Stadium,Arrowhead Stadium,Arrowhead Stadium,home_team_primary_stadium,,United States,False,False,,,True,False,False,False,season_week_not_found_in_attendance
2021_POST_19_SF_DAL_20220116,2021,POST,19,2022-01-16,16:30,SF,San Francisco 49ers,SF,DAL,Dallas Cowboys,DAL,AT&T Stadium,AT&T Stadium,AT&T Stadium,AT&T Stadium,home_team_primary_stadium,,United States,False,False,,,True,False,False,False,season_week_not_found_in_attendance
2021_POST_19_ARI_LAR_20220117,2021,POST,19,2022-01-17,20:15,ARI,Arizona Cardinals,ARI,LAR,Los Angeles Rams,LA,SoFi Stadium,SoFi Stadium,SoFi Stadium,SoFi Stadium,home_team_primary_stadium,,United States,False,False,,,True,False,False,False,season_week_not_found_in_attendance
2021_POST_20_CIN_TEN_20220122,2021,POST,20,2022-01-22,16:30,CIN,Cincinnati Bengals,CIN,TEN,Tennessee Titans,TEN,Nissan Stadium,Nissan Stadium,Nissan Stadium,Nissan Stadium,home_team_primary_stadium,,United States,False,False,,,True,False,False,False,season_week_not_found_in_attendance
2021_POST_20_SF_GB_20220122,2021,POST,20,2022-01-22,20:15,SF,San Francisco 49ers,SF,GB,Green Bay Packers,GB,Lambeau Field,Lambeau Field,Lambeau Field,Lambeau Field,home_team_primary_stadium,,United States,False,False,,,True,False,False,False,season_week_not_found_in_attendance
2021_POST_20_BUF_KC_20220123,2021,POST,20,2022-01-23,18:30,BUF,Buffalo Bills,BUF,KC,Kansas City Chiefs,KC,Arrowhead Stadium,GEHA Field at Arrowhead Stadium,Arrowhead Stadium,Arrowhead Stadium,home_team_primary_stadium,,United States,False,False,,,True,False,False,False,season_week_not_found_in_attendance
2021_POST_20_LAR_TB_20220123,2021,POST,20,2022-01-23,15:00,LAR,Los Angeles Rams,LA,TB,Tampa Bay Buccaneers,TB,Raymond James Stadium,Raymond James Stadium,Raymond James Stadium,Raymond James Stadium,home_team_primary_stadium,,United States,False,False,,,True,False,False,False,season_week_not_found_in_attendance
2021_CON_21_CIN_KC_20220130,2021,CON,21,2022-01-30,15:00,CIN,Cincinnati Bengals,CIN,KC,Kansas City Chiefs,KC,Arrowhead Stadium,GEHA Field at Arrowhead Stadium,Arrowhead Stadium,Arrowhead Stadium,home_team_primary_stadium,,United States,False,False,,,True,False,False,False,season_week_not_found_in_attendance
2021_CON_21_SF_LAR_20220130,2021,CON,21,2022-01-30,18:30,SF,San Francisco 49ers,SF,LAR,Los Angeles Rams,LA,SoFi Stadium,SoFi Stadium,SoFi Stadium,SoFi Stadium,home_team_primary_stadium,,United States,False,False,,,True,False,False,False,season_week_not_found_in_attendance
2021_POST_22_LAR_CIN_20220213,2021,POST,22,2022-02-13,18:30,LAR,Los Angeles Rams,LA,CIN,Cincinnati Bengals,CIN,SoFi Stadium,SoFi Stadium,Paycor Stadium,SoFi Stadium,actual_game_venue,,United States,True,False,,,True,False,False,False,season_week_not_found_in_attendance
2022_POST_19_LAC_JAX_20230114,2022,POST,19,2023-01-14,20:15,LAC,Los Angeles Chargers,LAC,JAX,Jacksonville Jaguars,JAX,TIAA Bank Stadium,TIAA Bank Stadium,EverBank Stadium,TIAA Bank Stadium,actual_game_venue,,United States,True,False,,,True,False,False,False,season_week_not_found_in_attendance
2022_POST_19_SEA_SF_20230114,2022,POST,19,2023-01-14,16:30,SEA,Seattle Seahawks,SEA,SF,San Francisco 49ers,SF,Levi's Stadium,Levi's Stadium,Levi's Stadium,Levi's Stadium,home_team_primary_stadium,,United States,False,False,,,True,False,False,False,season_week_not_found_in_attendance
2022_POST_19_BAL_CIN_20230115,2022,POST,19,2023-01-15,20:15,BAL,Baltimore Ravens,BAL,CIN,Cincinnati Bengals,CIN,Paycor Stadium,Paycor Stadium,Paycor Stadium,Paycor Stadium,home_team_primary_stadium,,United States,False,False,,,True,False,False,False,season_week_not_found_in_attendance
2022_POST_19_MIA_BUF_20230115,2022,POST,19,2023-01-15,13:00,MIA,Miami Dolphins,MIA,BUF,Buffalo Bills,BUF,Highmark Stadium,New Era Field,Highmark Stadium,Highmark Stadium,home_team_primary_stadium,,United States,False,False,,,True,False,False,False,season_week_not_found_in_attendance
2022_POST_19_NYG_MIN_20230115,2022,POST,19,2023-01-15,16:50,NYG,New York Giants,NYG,MIN,Minnesota Vikings,MIN,U.S. Bank Stadium,U.S. Bank Stadium,U.S. Bank Stadium,U.S. Bank Stadium,home_team_primary_stadium,,United States,False,False,,,True,False,False,False,season_week_not_found_in_attendance
2022_POST_19_DAL_TB_20230116,2022,POST,19,2023-01-16,20:15,DAL,Dallas Cowboys,DAL,TB,Tampa Bay Buccaneers,TB,Raymond James Stadium,Raymond James Stadium,Raymond James Stadium,Raymond James Stadium,home_team_primary_stadium,,United States,False,False,,,True,False,False,False,season_week_not_found_in_attendance
2022_POST_20_JAX_KC_20230121,2022,POST,20,2023-01-21,16:30,JAX,Jacksonville Jaguars,JAX,KC,Kansas City Chiefs,KC,Arrowhead Stadium,GEHA Field at Arrowhead Stadium,Arrowhead Stadium,Arrowhead Stadium,home_team_primary_stadium,,United States,False,False,,,True,False,False,False,season_week_not_found_in_attendance
2022_POST_20_NYG_PHI_20230121,2022,POST,20,2023-01-21,20:15,NYG,New York Giants,NYG,PHI,Philadelphia Eagles,PHI,Lincoln Financial Field,Lincoln Financial Field,Lincoln Financial Field,Lincoln Financial Field,home_team_primary_stadium,,United States,False,False,,,True,False,False,False,season_week_not_found_in_attendance
2022_POST_20_CIN_BUF_20230122,2022,POST,20,2023-01-22,15:00,CIN,Cincinnati Bengals,CIN,BUF,Buffalo Bills,BUF,Highmark Stadium,New Era Field,Highmark Stadium,Highmark Stadium,home_team_primary_stadium,,United States,False,False,,,True,False,False,False,season_week_not_found_in_attendance
2022_POST_20_DAL_SF_20230122,2022,POST,20,2023-01-22,18:30,DAL,Dallas Cowboys,DAL,SF,San Francisco 49ers,SF,Levi's Stadium,Levi's Stadium,Levi's Stadium,Levi's Stadium,home_team_primary_stadium,,United States,False,False,,,True,False,False,False,season_week_not_found_in_attendance
2022_CON_21_CIN_KC_20230129,2022,CON,21,2023-01-29,18:30,CIN,Cincinnati Bengals,CIN,KC,Kansas City Chiefs,KC,Arrowhead Stadium,GEHA Field at Arrowhead Stadium,Arrowhead Stadium,Arrowhead Stadium,home_team_primary_stadium,,United States,False,False,,,True,False,False,False,season_week_not_found_in_attendance
2022_CON_21_SF_PHI_20230129,2022,CON,21,2023-01-29,15:00,SF,San Francisco 49ers,SF,PHI,Philadelphia Eagles,PHI,Lincoln Financial Field,Lincoln Financial Field,Lincoln Financial Field,Lincoln Financial Field,home_team_primary_stadium,,United States,False,False,,,True,False,False,False,season_week_not_found_in_attendance
2022_POST_22_KC_PHI_20230212,2022,POST,22,2023-02-12,18:30,KC,Kansas City Chiefs,KC,PHI,Philadelphia Eagles,PHI,State Farm Stadium,State Farm Stadium,Lincoln Financial Field,State Farm Stadium,actual_game_venue,,United States,True,False,,,True,False,False,False,season_week_not_found_in_attendance
2023_POST_19_CLE_HOU_20240113,2023,POST,19,2024-01-13,16:30,CLE,Cleveland Browns,CLE,HOU,Houston Texans,HOU,NRG Stadium,NRG Stadium,NRG Stadium,NRG Stadium,home_team_primary_stadium,,United States,False,False,,,True,False,False,False,season_week_not_found_in_attendance
2023_POST_19_MIA_KC_20240113,2023,POST,19,2024-01-13,20:00,MIA,Miami Dolphins,MIA,KC,Kansas City Chiefs,KC,Arrowhead Stadium,GEHA Field at Arrowhead Stadium,Arrowhead Stadium,Arrowhead Stadium,home_team_primary_stadium,,United States,False,False,,,True,False,False,False,season_week_not_found_in_attendance
2023_POST_19_GB_DAL_20240114,2023,POST,19,2024-01-14,16:30,GB,Green Bay Packers,GB,DAL,Dallas Cowboys,DAL,AT&T Stadium,AT&T Stadium,AT&T Stadium,AT&T Stadium,home_team_primary_stadium,,United States,False,False,,,True,False,False,False,season_week_not_found_in_attendance
2023_POST_19_LAR_DET_20240114,2023,POST,19,2024-01-14,20:00,LAR,Los Angeles Rams,LA,DET,Detroit Lions,DET,Ford Field,Ford Field,Ford Field,Ford Field,home_team_primary_stadium,,United States,False,False,,,True,False,False,False,season_week_not_found_in_attendance
2023_POST_19_PHI_TB_20240115,2023,POST,19,2024-01-15,20:00,PHI,Philadelphia Eagles,PHI,TB,Tampa Bay Buccaneers,TB,Raymond James Stadium,Raymond James Stadium,Raymond James Stadium,Raymond James Stadium,home_team_primary_stadium,,United States,False,False,,,True,False,False,False,season_week_not_found_in_attendance
2023_POST_19_PIT_BUF_20240115,2023,POST,19,2024-01-15,16:30,PIT,Pittsburgh Steelers,PIT,BUF,Buffalo Bills,BUF,Highmark Stadium,New Era Field,Highmark Stadium,Highmark Stadium,home_team_primary_stadium,,United States,False,False,,,True,False,False,False,season_week_not_found_in_attendance
2023_POST_20_GB_SF_20240120,2023,POST,20,2024-01-20,20:15,GB,Green Bay Packers,GB,SF,San Francisco 49ers,SF,Levi's Stadium,Levi's Stadium,Levi's Stadium,Levi's Stadium,home_team_primary_stadium,,United States,False,False,,,True,False,False,False,season_week_not_found_in_attendance
2023_POST_20_HOU_BAL_20240120,2023,POST,20,2024-01-20,16:30,HOU,Houston Texans,HOU,BAL,Baltimore Ravens,BAL,M&T Bank Stadium,M&T Bank Stadium,M&T Bank Stadium,M&T Bank Stadium,home_team_primary_stadium,,United States,False,False,,,True,False,False,False,season_week_not_found_in_attendance
2023_POST_20_KC_BUF_20240121,2023,POST,20,2024-01-21,18:30,KC,Kansas City Chiefs,KC,BUF,Buffalo Bills,BUF,Highmark Stadium,New Era Field,Highmark Stadium,Highmark Stadium,home_team_primary_stadium,,United States,False,False,,,True,False,False,False,season_week_not_found_in_attendance
2023_POST_20_TB_DET_20240121,2023,POST,20,2024-01-21,15:00,TB,Tampa Bay Buccaneers,TB,DET,Detroit Lions,DET,Ford Field,Ford Field,Ford Field,Ford Field,home_team_primary_stadium,,United States,False,False,,,True,False,False,False,season_week_not_found_in_attendance
2023_CON_21_DET_SF_20240128,2023,CON,21,2024-01-28,18:30,DET,Detroit Lions,DET,SF,San Francisco 49ers,SF,Levi's Stadium,Levi's Stadium,Levi's Stadium,Levi's Stadium,home_team_primary_stadium,,United States,False,False,,,True,False,False,False,season_week_not_found_in_attendance
2023_CON_21_KC_BAL_20240128,2023,CON,21,2024-01-28,15:00,KC,Kansas City Chiefs,KC,BAL,Baltimore Ravens,BAL,M&T Bank Stadium,M&T Bank Stadium,M&T Bank Stadium,M&T Bank Stadium,home_team_primary_stadium,,United States,False,False,,,True,False,False,False,season_week_not_found_in_attendance
2023_POST_22_SF_KC_20240211,2023,POST,22,2024-02-11,18:30,SF,San Francisco 49ers,SF,KC,Kansas City Chiefs,KC,Allegiant Stadium,Allegiant Stadium,Arrowhead Stadium,Allegiant Stadium,actual_game_venue,,United States,True,False,,,True,False,False,False,season_week_not_found_in_attendance
2024_REG_03_SF_LAR_20240922,2024,REG,3,2024-09-22,16:25,SF,San Francisco 49ers,SF,LAR,Los Angeles Rams,LA,SoFi Stadium,SoFi Stadium,SoFi Stadium,SoFi Stadium,home_team_primary_stadium,,United States,False,False,,,True,True,False,False,home_team_not_found_for_season_week
2024_REG_18_KC_DEN_20250105,2024,REG,18,2025-01-05,16:25,KC,Kansas City Chiefs,KC,DEN,Denver Broncos,DEN,Empower Field at Mile High,Empower Field at Mile High,Empower Field at Mile High,Empower Field at Mile High,home_team_primary_stadium,,United States,False,False,,,True,True,False,False,home_team_not_found_for_season_week
2024_POST_19_LAC_HOU_20250111,2024,POST,19,2025-01-11,16:30,LAC,Los Angeles Chargers,LAC,HOU,Houston Texans,HOU,NRG Stadium,NRG Stadium,NRG Stadium,NRG Stadium,home_team_primary_stadium,,United States,False,False,,,True,False,False,False,season_week_not_found_in_attendance
2024_POST_19_PIT_BAL_20250111,2024,POST,19,2025-01-11,20:00,PIT,Pittsburgh Steelers,PIT,BAL,Baltimore Ravens,BAL,M&T Bank Stadium,M&T Bank Stadium,M&T Bank Stadium,M&T Bank Stadium,home_team_primary_stadium,,United States,False,False,,,True,False,False,False,season_week_not_found_in_attendance
2024_POST_19_DEN_BUF_20250112,2024,POST,19,2025-01-12,13:00,DEN,Denver Broncos,DEN,BUF,Buffalo Bills,BUF,Highmark Stadium,New Era Field,Highmark Stadium,Highmark Stadium,home_team_primary_stadium,,United States,False,False,,,True,False,False,False,season_week_not_found_in_attendance
2024_POST_19_GB_PHI_20250112,2024,POST,19,2025-01-12,16:30,GB,Green Bay Packers,GB,PHI,Philadelphia Eagles,PHI,Lincoln Financial Field,Lincoln Financial Field,Lincoln Financial Field,Lincoln Financial Field,home_team_primary_stadium,,United States,False,False,,,True,False,False,False,season_week_not_found_in_attendance
2024_POST_19_WSH_TB_20250112,2024,POST,19,2025-01-12,20:00,WSH,Washington Commanders,WAS,TB,Tampa Bay Buccaneers,TB,Raymond James Stadium,Raymond James Stadium,Raymond James Stadium,Raymond James Stadium,home_team_primary_stadium,,United States,False,False,,,True,False,False,False,season_week_not_found_in_attendance
2024_POST_19_MIN_LAR_20250113,2024,POST,19,2025-01-13,20:00,MIN,Minnesota Vikings,MIN,LAR,Los Angeles Rams,LA,State Farm Stadium,State Farm Stadium,SoFi Stadium,State Farm Stadium,actual_game_venue,,United States,True,False,,,True,False,False,False,season_week_not_found_in_attendance
2024_POST_20_HOU_KC_20250118,2024,POST,20,2025-01-18,16:30,HOU,Houston Texans,HOU,KC,Kansas City Chiefs,KC,Arrowhead Stadium,GEHA Field at Arrowhead Stadium,Arrowhead Stadium,Arrowhead Stadium,home_team_primary_stadium,,United States,False,False,,,True,False,False,False,season_week_not_found_in_attendance
2024_POST_20_WSH_DET_20250118,2024,POST,20,2025-01-18,20:00,WSH,Washington Commanders,WAS,DET,Detroit Lions,DET,Ford Field,Ford Field,Ford Field,Ford Field,home_team_primary_stadium,,United States,False,False,,,True,False,False,False,season_week_not_found_in_attendance
2024_POST_20_BAL_BUF_20250119,2024,POST,20,2025-01-19,18:30,BAL,Baltimore Ravens,BAL,BUF,Buffalo Bills,BUF,Highmark Stadium,New Era Field,Highmark Stadium,Highmark Stadium,home_team_primary_stadium,,United States,False,False,,,True,False,False,False,season_week_not_found_in_attendance
2024_POST_20_LAR_PHI_20250119,2024,POST,20,2025-01-19,15:00,LAR,Los Angeles Rams,LA,PHI,Philadelphia Eagles,PHI,Lincoln Financial Field,Lincoln Financial Field,Lincoln Financial Field,Lincoln Financial Field,home_team_primary_stadium,,United States,False,False,,,True,False,False,False,season_week_not_found_in_attendance
2024_CON_21_BUF_KC_20250126,2024,CON,21,2025-01-26,18:30,BUF,Buffalo Bills,BUF,KC,Kansas City Chiefs,KC,Arrowhead Stadium,GEHA Field at Arrowhead Stadium,Arrowhead Stadium,Arrowhead Stadium,home_team_primary_stadium,,United States,False,False,,,True,False,False,False,season_week_not_found_in_attendance
2024_CON_21_WSH_PHI_20250126,2024,CON,21,2025-01-26,15:00,WSH,Washington Commanders,WAS,PHI,Philadelphia Eagles,PHI,Lincoln Financial Field,Lincoln Financial Field,Lincoln Financial Field,Lincoln Financial Field,home_team_primary_stadium,,United States,False,False,,,True,False,False,False,season_week_not_found_in_attendance
2024_POST_22_KC_PHI_20250209,2024,POST,22,2025-02-09,18:30,KC,Kansas City Chiefs,KC,PHI,Philadelphia Eagles,PHI,Caesars Superdome,Mercedes-Benz Superdome,Lincoln Financial Field,Caesars Superdome,actual_game_venue,,United States,True,False,,,True,False,False,False,season_week_not_found_in_attendance
2025_REG_13_CHI_PHI_20251128,2025,REG,13,2025-11-28,15:00,CHI,Chicago Bears,CHI,PHI,Philadelphia Eagles,PHI,Lincoln Financial Field,Lincoln Financial Field,Lincoln Financial Field,Lincoln Financial Field,home_team_primary_stadium,,United States,False,False,,,True,True,False,False,home_team_not_found_for_season_week
2025_POST_19_GB_CHI_20260110,2025,POST,19,2026-01-10,20:00,GB,Green Bay Packers,GB,CHI,Chicago Bears,CHI,Soldier Field,Soldier Field,Soldier Field,Soldier Field,home_team_primary_stadium,,United States,False,False,,,True,False,False,False,season_week_not_found_in_attendance
2025_POST_19_LAR_CAR_20260110,2025,POST,19,2026-01-10,16:30,LAR,Los Angeles Rams,LA,CAR,Carolina Panthers,CAR,Bank of America Stadium,Bank of America Stadium,Bank of America Stadium,Bank of America Stadium,home_team_primary_stadium,,United States,False,False,,,True,False,False,False,season_week_not_found_in_attendance
2025_POST_19_BUF_JAX_20260111,2025,POST,19,2026-01-11,13:00,BUF,Buffalo Bills,BUF,JAX,Jacksonville Jaguars,JAX,TIAA Bank Stadium,TIAA Bank Stadium,EverBank Stadium,TIAA Bank Stadium,actual_game_venue,,United States,True,False,,,True,False,False,False,season_week_not_found_in_attendance
2025_POST_19_LAC_NE_20260111,2025,POST,19,2026-01-11,20:00,LAC,Los Angeles Chargers,LAC,NE,New England Patriots,NE,Gillette Stadium,Gillette Stadium,Gillette Stadium,Gillette Stadium,home_team_primary_stadium,,United States,False,False,,,True,False,False,False,season_week_not_found_in_attendance
2025_POST_19_SF_PHI_20260111,2025,POST,19,2026-01-11,16:30,SF,San Francisco 49ers,SF,PHI,Philadelphia Eagles,PHI,Lincoln Financial Field,Lincoln Financial Field,Lincoln Financial Field,Lincoln Financial Field,home_team_primary_stadium,,United States,False,False,,,True,False,False,False,season_week_not_found_in_attendance
2025_POST_19_HOU_PIT_20260112,2025,POST,19,2026-01-12,20:00,HOU,Houston Texans,HOU,PIT,Pittsburgh Steelers,PIT,Acrisure Stadium,Acrisure Stadium,Acrisure Stadium,Acrisure Stadium,home_team_primary_stadium,,United States,False,False,,,True,False,False,False,season_week_not_found_in_attendance
2025_POST_20_BUF_DEN_20260117,2025,POST,20,2026-01-17,16:30,BUF,Buffalo Bills,BUF,DEN,Denver Broncos,DEN,Empower Field at Mile High,Empower Field at Mile High,Empower Field at Mile High,Empower Field at Mile High,home_team_primary_stadium,,United States,False,False,,,True,False,False,False,season_week_not_found_in_attendance
2025_POST_20_SF_SEA_20260117,2025,POST,20,2026-01-17,20:00,SF,San Francisco 49ers,SF,SEA,Seattle Seahawks,SEA,Lumen Field,Lumen Field,Lumen Field,Lumen Field,home_team_primary_stadium,,United States,False,False,,,True,False,False,False,season_week_not_found_in_attendance
2025_POST_20_HOU_NE_20260118,2025,POST,20,2026-01-18,15:00,HOU,Houston Texans,HOU,NE,New England Patriots,NE,Gillette Stadium,Gillette Stadium,Gillette Stadium,Gillette Stadium,home_team_primary_stadium,,United States,False,False,,,True,False,False,False,season_week_not_found_in_attendance
2025_POST_20_LAR_CHI_20260118,2025,POST,20,2026-01-18,18:30,LAR,Los Angeles Rams,LA,CHI,Chicago Bears,CHI,Soldier Field,Soldier Field,Soldier Field,Soldier Field,home_team_primary_stadium,,United States,False,False,,,True,False,False,False,season_week_not_found_in_attendance
2025_CON_21_LAR_SEA_20260125,2025,CON,21,2026-01-25,18:30,LAR,Los Angeles Rams,LA,SEA,Seattle Seahawks,SEA,Lumen Field,Lumen Field,Lumen Field,Lumen Field,home_team_primary_stadium,,United States,False,False,,,True,False,False,False,season_week_not_found_in_attendance
2025_CON_21_NE_DEN_20260125,2025,CON,21,2026-01-25,15:00,NE,New England Patriots,NE,DEN,Denver Broncos,DEN,Empower Field at Mile High,Empower Field at Mile High,Empower Field at Mile High,Empower Field at Mile High,home_team_primary_stadium,,United States,False,False,,,True,False,False,False,season_week_not_found_in_attendance
2025_POST_22_SEA_NE_20260208,2025,POST,22,2026-02-08,18:30,SEA,Seattle Seahawks,SEA,NE,New England Patriots,NE,Levi's Stadium,Levi's Stadium,Gillette Stadium,Levi's Stadium,actual_game_venue,,United States,True,False,,,True,False,False,False,season_week_not_found_in_attendance
