season,week,Tm,attendance,Total,Home,Away
2015,1,Atlanta Falcons,70516.0,1134671,562845.0,571826.0
2015,1,Carolina Panthers,60733.0,1157689,592454.0,565235.0
2015,1,Denver Broncos,76798.0,1141878,615381.0,526497.0
2015,1,Kansas City Chiefs,71776.0,1130807,602228.0,528579.0
2015,1,New Orleans Saints,62903.0,1135027,584305.0,550722.0
2015,1,Tampa Bay Buccaneers,63945.0,1041376,492460.0,548916.0
2016,1,Atlanta Falcons,69382.0,1116392,559998.0,556394.0
2016,1,Carolina Panthers,76843.0,1159680,590343.0,569337.0
2016,1,Denver Broncos,76843.0,1133943,614193.0,519750.0
2016,1,Kansas City Chiefs,73238.0,1115214,586624.0,528590.0
2016,1,New Orleans Saints,73028.0,1141039,584876.0,556163.0
2016,1,Tampa Bay Buccaneers,69382.0,1054600,484998.0,569602.0
2017,1,Atlanta Falcons,61857.0,1123058,575681.0,547377.0
2017,1,Carolina Panthers,70178.0,1133961,588942.0,545019.0
2017,1,Denver Broncos,76324.0,1106590,610846.0,495744.0
2017,1,Kansas City Chiefs,65878.0,1134166,592851.0,541315.0
2017,1,Los Angeles Chargers,76324.0,783367,202687.0,580680.0
2017,1,New Orleans Saints,66606.0,1146046,585113.0,560933.0
2017,1,Tampa Bay Buccaneers,,1036961,479618.0,557343.0
2018,1,Atlanta Falcons,69696.0,1119143,583184.0,535959.0
2018,1,Carolina Panthers,74532.0,1102756,590182.0,512574.0
2018,1,Denver Broncos,76761.0,1092324,611571.0,480753.0
2018,1,Kansas City Chiefs,25351.0,1107376,607780.0,499596.0
2018,1,Los Angeles Chargers,25351.0,803556,262145.0,541411.0
2018,1,New Orleans Saints,73038.0,1147700,584411.0,563289.0
2018,1,Tampa Bay Buccaneers,73038.0,999843,434855.0,564988.0
2019,1,Atlanta Falcons,66714.0,1099463,572811.0,526652.0
2019,1,Carolina Panthers,72005.0,1122333,577765.0,544568.0
2019,1,Denver Broncos,52359.0,1104191,607497.0,496694.0
2019,1,Kansas City Chiefs,60157.0,1115771,587723.0,528048.0
2019,1,Los Angeles Chargers,25363.0,760644,254007.0,506637.0
2019,1,New Orleans Saints,73039.0,1117057,584660.0,532397.0
2019,1,Tampa Bay Buccaneers,55976.0,949068,415189.0,533879.0
2020,1,Atlanta Falcons,,113084,50657.0,62427.0
2020,1,Carolina Panthers,,55958,34229.0,21729.0
2020,1,Denver Broncos,,47133,21122.0,26011.0
2020,1,Kansas City Chiefs,15895.0,142549,105228.0,37321.0
2020,1,Las Vegas Raiders,,33407,,33407.0
2020,1,Los Angeles Chargers,,38354,,38354.0
2020,1,New Orleans Saints,,48429,22476.0,25953.0
2020,1,Tampa Bay Buccaneers,,123127,101383.0,21744.0
2021,1,Atlanta Falcons,68633.0,1173982,540764.0,633218.0
2021,1,Carolina Panthers,70211.0,1202133,575249.0,626884.0
2021,1,Denver Broncos,74119.0,1243881,686129.0,557752.0
2021,1,Kansas City Chiefs,72973.0,1192945,659044.0,533901.0
2021,1,Las Vegas Raiders,61756.0,1068732,550673.0,518059.0
2021,1,Los Angeles Chargers,52753.0,1153356,632160.0,521196.0
2021,1,New Orleans Saints,35242.0,1117104,519432.0,597672.0
2021,1,Tampa Bay Buccaneers,65566.0,1067169,457325.0,609844.0
2022,1,Atlanta Falcons,70078.0,1167681,626248.0,541433.0
2022,1,Carolina Panthers,72205.0,1201413,642167.0,559246.0
2022,1,Denver Broncos,68965.0,1251020,607845.0,643175.0
2022,1,Kansas City Chiefs,63697.0,1202995,587997.0,614998.0
2022,1,Las Vegas Raiders,70240.0,1125946,496363.0,629583.0
2022,1,Los Angeles Chargers,70240.0,1175977,559644.0,616333.0
2022,1,New Orleans Saints,70078.0,1168868,621249.0,547619.0
2022,1,Tampa Bay Buccaneers,93797.0,1196168,620898.0,575270.0
2023,1,Atlanta Falcons,69597.0,1176416,556828.0,619588.0
2023,1,Carolina Panthers,69597.0,1163926,573086.0,590840.0
2023,1,Denver Broncos,76299.0,1226925,687498.0,539427.0
2023,1,Kansas City Chiefs,73522.0,1205847,638715.0,567132.0
2023,1,Las Vegas Raiders,76299.0,1111041,559713.0,551328.0
2023,1,Los Angeles Chargers,70240.0,1190939,627632.0,563307.0
2023,1,New Orleans Saints,70024.0,1188849,560164.0,628685.0
2023,1,Tampa Bay Buccaneers,66741.0,1140061,510321.0,629740.0
2024,1,Atlanta Falcons,72291.0,1185384,642432.0,542952.0
2024,1,Carolina Panthers,70007.0,1175655,640515.0,535140.0
2024,1,Denver Broncos,68714.0,1142969,515265.0,627704.0
2024,1,Kansas City Chiefs,73611.0,1144982,588837.0,556145.0
2024,1,Las Vegas Raiders,70240.0,1122807,497403.0,625404.0
2024,1,Los Angeles Chargers,70240.0,1170832,559732.0,611100.0
2024,1,New Orleans Saints,70007.0,1227161,630113.0,597048.0
2024,1,Tampa Bay Buccaneers,63020.0,1160353,573195.0,587158.0
2015,2,Atlanta Falcons,77678.0,1134671,562845.0,571826.0
2015,2,Carolina Panthers,73254.0,1157689,592454.0,565235.0
2015,2,Denver Broncos,76404.0,1141878,615381.0,526497.0
2015,2,Kansas City Chiefs,76404.0,1130807,602228.0,528579.0
2015,2,New Orleans Saints,73006.0,1135027,584305.0,550722.0
2015,2,Tampa Bay Buccaneers,73006.0,1041376,492460.0,548916.0
2016,2,Atlanta Falcons,54081.0,1116392,559998.0,556394.0
2016,2,Carolina Panthers,74143.0,1159680,590343.0,569337.0
2016,2,Denver Broncos,76379.0,1133943,614193.0,519750.0
2016,2,Kansas City Chiefs,71890.0,1115214,586624.0,528590.0
2016,2,New Orleans Saints,77727.0,1141039,584876.0,556163.0
2016,2,Tampa Bay Buccaneers,64230.0,1054600,484998.0,569602.0
2017,2,Atlanta Falcons,70826.0,1123058,575681.0,547377.0
2017,2,Carolina Panthers,74122.0,1133961,588942.0,545019.0
2017,2,Denver Broncos,76919.0,1106590,610846.0,495744.0
2017,2,Kansas City Chiefs,74971.0,1134166,592851.0,541315.0
2017,2,Los Angeles Chargers,25381.0,783367,202687.0,580680.0
2017,2,New Orleans Saints,73168.0,1146046,585113.0,560933.0
2017,2,Tampa Bay Buccaneers,56640.0,1036961,479618.0,557343.0
2018,2,Atlanta Falcons,72528.0,1119143,583184.0,535959.0
2018,2,Carolina Panthers,72528.0,1102756,590182.0,512574.0
2018,2,Denver Broncos,76696.0,1092324,611571.0,480753.0
2018,2,Kansas City Chiefs,63956.0,1107376,607780.0,499596.0
2018,2,Los Angeles Chargers,69187.0,803556,262145.0,541411.0
2018,2,New Orleans Saints,73086.0,1147700,584411.0,563289.0
2018,2,Tampa Bay Buccaneers,56552.0,999843,434855.0,564988.0
2019,2,Atlanta Falcons,72443.0,1099463,572811.0,526652.0
2019,2,Carolina Panthers,71101.0,1122333,577765.0,544568.0
2019,2,Denver Broncos,76885.0,1104191,607497.0,496694.0
2019,2,Kansas City Chiefs,52748.0,1115771,587723.0,528048.0
2019,2,Los Angeles Chargers,60158.0,760644,254007.0,506637.0
2019,2,New Orleans Saints,71460.0,1117057,584660.0,532397.0
2019,2,Tampa Bay Buccaneers,71101.0,949068,415189.0,533879.0
2020,2,Atlanta Falcons,21708.0,113084,50657.0,62427.0
2020,2,Carolina Panthers,,55958,34229.0,21729.0
2020,2,Denver Broncos,,47133,21122.0,26011.0
2020,2,Kansas City Chiefs,,142549,105228.0,37321.0
2020,2,Las Vegas Raiders,,33407,,33407.0
2020,2,Los Angeles Chargers,,38354,,38354.0
2020,2,New Orleans Saints,,48429,22476.0,25953.0
2020,2,Tampa Bay Buccaneers,,123127,101383.0,21744.0
2021,2,Atlanta Falcons,63694.0,1173982,540764.0,633218.0
2021,2,Carolina Panthers,70675.0,1202133,575249.0,626884.0
2021,2,Denver Broncos,58461.0,1243881,686129.0,557752.0
2021,2,Kansas City Chiefs,70417.0,1192945,659044.0,533901.0
2021,2,Las Vegas Raiders,63707.0,1068732,550673.0,518059.0
2021,2,Los Angeles Chargers,70240.0,1153356,632160.0,521196.0
2021,2,New Orleans Saints,70675.0,1117104,519432.0,597672.0
2021,2,Tampa Bay Buccaneers,63694.0,1067169,457325.0,609844.0
2022,2,Atlanta Falcons,71802.0,1167681,626248.0,541433.0
2022,2,Carolina Panthers,73843.0,1201413,642167.0,559246.0
2022,2,Denver Broncos,76191.0,1251020,607845.0,643175.0
2022,2,Kansas City Chiefs,73461.0,1202995,587997.0,614998.0
2022,2,Las Vegas Raiders,61707.0,1125946,496363.0,629583.0
2022,2,Los Angeles Chargers,73461.0,1175977,559644.0,616333.0
2022,2,New Orleans Saints,70400.0,1168868,621249.0,547619.0
2022,2,Tampa Bay Buccaneers,70400.0,1196168,620898.0,575270.0
2023,2,Atlanta Falcons,69251.0,1176416,556828.0,619588.0
2023,2,Carolina Panthers,72709.0,1163926,573086.0,590840.0
2023,2,Denver Broncos,76108.0,1226925,687498.0,539427.0
2023,2,Kansas City Chiefs,69915.0,1205847,638715.0,567132.0
2023,2,Las Vegas Raiders,70772.0,1111041,559713.0,551328.0
2023,2,Los Angeles Chargers,67438.0,1190939,627632.0,563307.0
2023,2,New Orleans Saints,72709.0,1188849,560164.0,628685.0
2023,2,Tampa Bay Buccaneers,62976.0,1140061,510321.0,629740.0
2024,2,Atlanta Falcons,69879.0,1185384,642432.0,542952.0
2024,2,Carolina Panthers,70145.0,1175655,640515.0,535140.0
2024,2,Denver Broncos,74215.0,1142969,515265.0,627704.0
2024,2,Kansas City Chiefs,73558.0,1144982,588837.0,556145.0
2024,2,Las Vegas Raiders,70762.0,1122807,497403.0,625404.0
2024,2,Los Angeles Chargers,70145.0,1170832,559732.0,611100.0
2024,2,New Orleans Saints,93691.0,1227161,630113.0,597048.0
2024,2,Tampa Bay Buccaneers,64160.0,1160353,573195.0,587158.0
2015,3,Atlanta Falcons,90345.0,1134671,562845.0,571826.0
2015,3,Carolina Panthers,73402.0,1157689,592454.0,565235.0
2015,3,Denver Broncos,62920.0,1141878,615381.0,526497.0
2015,3,Kansas City Chiefs,78214.0,1130807,602228.0,528579.0
2015,3,New Orleans Saints,73402.0,1135027,584305.0,550722.0
2015,3,Tampa Bay Buccaneers,71718.0,1041376,492460.0,548916.0
2016,3,Atlanta Falcons,73003.0,1116392,559998.0,556394.0
2016,3,Carolina Panthers,73813.0,1159680,590343.0,569337.0
2016,3,Denver Broncos,63850.0,1133943,614193.0,519750.0
2016,3,Kansas City Chiefs,71587.0,1115214,586624.0,528590.0
2016,3,New Orleans Saints,73003.0,1141039,584876.0,556163.0
2016,3,Tampa Bay Buccaneers,55009.0,1054600,484998.0,569602.0
2017,3,Atlanta Falcons,63240.0,1123058,575681.0,547377.0
2017,3,Carolina Panthers,73775.0,1133961,588942.0,545019.0
2017,3,Denver Broncos,68865.0,1106590,610846.0,495744.0
2017,3,Kansas City Chiefs,25386.0,1134166,592851.0,541315.0
2017,3,Los Angeles Chargers,25386.0,783367,202687.0,580680.0
2017,3,New Orleans Saints,73775.0,1146046,585113.0,560933.0
2017,3,Tampa Bay Buccaneers,66390.0,1036961,479618.0,557343.0
2018,3,Atlanta Falcons,74457.0,1119143,583184.0,535959.0
2018,3,Carolina Panthers,72161.0,1102756,590182.0,512574.0
2018,3,Denver Broncos,70156.0,1092324,611571.0,480753.0
2018,3,Kansas City Chiefs,76023.0,1107376,607780.0,499596.0
2018,3,Los Angeles Chargers,68947.0,803556,262145.0,541411.0
2018,3,New Orleans Saints,74457.0,1147700,584411.0,563289.0
2018,3,Tampa Bay Buccaneers,62571.0,999843,434855.0,564988.0
2019,3,Atlanta Falcons,60295.0,1099463,572811.0,526652.0
2019,3,Carolina Panthers,60104.0,1122333,577765.0,544568.0
2019,3,Denver Broncos,78078.0,1104191,607497.0,496694.0
2019,3,Kansas City Chiefs,73390.0,1115771,587723.0,528048.0
2019,3,Los Angeles Chargers,25349.0,760644,254007.0,506637.0
2019,3,New Orleans Saints,69005.0,1117057,584660.0,532397.0
2019,3,Tampa Bay Buccaneers,55070.0,949068,415189.0,533879.0
2020,3,Atlanta Falcons,,113084,50657.0,62427.0
2020,3,Carolina Panthers,,55958,34229.0,21729.0
2020,3,Denver Broncos,5226.0,47133,21122.0,26011.0
2020,3,Kansas City Chiefs,,142549,105228.0,37321.0
2020,3,Las Vegas Raiders,,33407,,33407.0
2020,3,Los Angeles Chargers,,38354,,38354.0
2020,3,New Orleans Saints,748.0,48429,22476.0,25953.0
2020,3,Tampa Bay Buccaneers,5226.0,123127,101383.0,21744.0
2021,3,Atlanta Falcons,75307.0,1173982,540764.0,633218.0
2021,3,Carolina Panthers,68320.0,1202133,575249.0,626884.0
2021,3,Denver Broncos,75882.0,1243881,686129.0,557752.0
2021,3,Kansas City Chiefs,72980.0,1192945,659044.0,533901.0
2021,3,Las Vegas Raiders,59311.0,1068732,550673.0,518059.0
2021,3,Los Angeles Chargers,72980.0,1153356,632160.0,521196.0
2021,3,New Orleans Saints,65878.0,1117104,519432.0,597672.0
2021,3,Tampa Bay Buccaneers,73205.0,1067169,457325.0,609844.0
2022,3,Atlanta Falcons,68773.0,1167681,626248.0,541433.0
2022,3,Carolina Panthers,70496.0,1201413,642167.0,559246.0
2022,3,Denver Broncos,77021.0,1251020,607845.0,643175.0
2022,3,Kansas City Chiefs,65975.0,1202995,587997.0,614998.0
2022,3,Las Vegas Raiders,68649.0,1125946,496363.0,629583.0
2022,3,Los Angeles Chargers,67964.0,1175977,559644.0,616333.0
2022,3,New Orleans Saints,70496.0,1168868,621249.0,547619.0
2022,3,Tampa Bay Buccaneers,69197.0,1196168,620898.0,575270.0
2023,3,Atlanta Falcons,63803.0,1176416,556828.0,619588.0
2023,3,Carolina Panthers,68699.0,1163926,573086.0,590840.0
2023,3,Denver Broncos,65522.0,1226925,687498.0,539427.0
2023,3,Kansas City Chiefs,73562.0,1205847,638715.0,567132.0
2023,3,Las Vegas Raiders,62541.0,1111041,559713.0,551328.0
2023,3,Los Angeles Chargers,66878.0,1190939,627632.0,563307.0
2023,3,New Orleans Saints,78043.0,1188849,560164.0,628685.0
2023,3,Tampa Bay Buccaneers,65426.0,1140061,510321.0,629740.0
2024,3,Atlanta Falcons,72441.0,1185384,642432.0,542952.0
2024,3,Carolina Panthers,62417.0,1175655,640515.0,535140.0
2024,3,Denver Broncos,62738.0,1142969,515265.0,627704.0
2024,3,Kansas City Chiefs,72441.0,1144982,588837.0,556145.0
2024,3,Las Vegas Raiders,62417.0,1122807,497403.0,625404.0
2024,3,Los Angeles Chargers,66734.0,1170832,559732.0,611100.0
2024,3,New Orleans Saints,70006.0,1227161,630113.0,597048.0
2024,3,Tampa Bay Buccaneers,62738.0,1160353,573195.0,587158.0
2015,4,Atlanta Falcons,69904.0,1134671,562845.0,571826.0
2015,4,Carolina Panthers,57468.0,1157689,592454.0,565235.0
2015,4,Denver Broncos,77029.0,1141878,615381.0,526497.0
2015,4,Kansas City Chiefs,57498.0,1130807,602228.0,528579.0
2015,4,New Orleans Saints,73009.0,1135027,584305.0,550722.0
2015,4,Tampa Bay Buccaneers,57468.0,1041376,492460.0,548916.0
2016,4,Atlanta Falcons,70508.0,1116392,559998.0,556394.0
2016,4,Carolina Panthers,70508.0,1159680,590343.0,569337.0
2016,4,Denver Broncos,60375.0,1133943,614193.0,519750.0
2016,4,Kansas City Chiefs,61278.0,1115214,586624.0,528590.0
2016,4,New Orleans Saints,60641.0,1141039,584876.0,556163.0
2016,4,Tampa Bay Buccaneers,60375.0,1054600,484998.0,569602.0
2017,4,Atlanta Falcons,71273.0,1123058,575681.0,547377.0
2017,4,Carolina Panthers,65878.0,1133961,588942.0,545019.0
2017,4,Denver Broncos,76909.0,1106590,610846.0,495744.0
2017,4,Kansas City Chiefs,74587.0,1134166,592851.0,541315.0
2017,4,Los Angeles Chargers,25374.0,783367,202687.0,580680.0
2017,4,New Orleans Saints,84423.0,1146046,585113.0,560933.0
2017,4,Tampa Bay Buccaneers,63916.0,1036961,479618.0,557343.0
2018,4,Atlanta Falcons,71985.0,1119143,583184.0,535959.0
2018,4,Carolina Panthers,,1102756,590182.0,512574.0
2018,4,Denver Broncos,76656.0,1092324,611571.0,480753.0
2018,4,Kansas City Chiefs,76656.0,1107376,607780.0,499596.0
2018,4,Los Angeles Chargers,25397.0,803556,262145.0,541411.0
2018,4,New Orleans Saints,78213.0,1147700,584411.0,563289.0
2018,4,Tampa Bay Buccaneers,61893.0,999843,434855.0,564988.0
2019,4,Atlanta Falcons,72108.0,1099463,572811.0,526652.0
2019,4,Carolina Panthers,71699.0,1122333,577765.0,544568.0
2019,4,Denver Broncos,76219.0,1104191,607497.0,496694.0
2019,4,Kansas City Chiefs,65188.0,1115771,587723.0,528048.0
2019,4,Los Angeles Chargers,64278.0,760644,254007.0,506637.0
2019,4,New Orleans Saints,73086.0,1117057,584660.0,532397.0
2019,4,Tampa Bay Buccaneers,68117.0,949068,415189.0,533879.0
2020,4,Atlanta Falcons,,113084,50657.0,62427.0
2020,4,Carolina Panthers,5120.0,55958,34229.0,21729.0
2020,4,Denver Broncos,,47133,21122.0,26011.0
2020,4,Kansas City Chiefs,12729.0,142549,105228.0,37321.0
2020,4,Las Vegas Raiders,,33407,,33407.0
2020,4,Los Angeles Chargers,6383.0,38354,,38354.0
2020,4,New Orleans Saints,,48429,22476.0,25953.0
2020,4,Tampa Bay Buccaneers,6383.0,123127,101383.0,21744.0
2021,4,Atlanta Falcons,68333.0,1173982,540764.0,633218.0
2021,4,Carolina Panthers,93262.0,1202133,575249.0,626884.0
2021,4,Denver Broncos,76490.0,1243881,686129.0,557752.0
2021,4,Kansas City Chiefs,69796.0,1192945,659044.0,533901.0
2021,4,Las Vegas Raiders,70240.0,1068732,550673.0,518059.0
2021,4,Los Angeles Chargers,70240.0,1153356,632160.0,521196.0
2021,4,New Orleans Saints,69170.0,1117104,519432.0,597672.0
2021,4,Tampa Bay Buccaneers,65878.0,1067169,457325.0,609844.0
2022,4,Atlanta Falcons,69435.0,1167681,626248.0,541433.0
2022,4,Carolina Panthers,69810.0,1201413,642167.0,559246.0
2022,4,Denver Broncos,62332.0,1251020,607845.0,643175.0
2022,4,Kansas City Chiefs,68348.0,1202995,587997.0,614998.0
2022,4,Las Vegas Raiders,62332.0,1125946,496363.0,629583.0
2022,4,Los Angeles Chargers,69071.0,1175977,559644.0,616333.0
2022,4,New Orleans Saints,60639.0,1168868,621249.0,547619.0
2022,4,Tampa Bay Buccaneers,68348.0,1196168,620898.0,575270.0
2023,4,Atlanta Falcons,85716.0,1176416,556828.0,619588.0
2023,4,Carolina Panthers,72842.0,1163926,573086.0,590840.0
2023,4,Denver Broncos,62220.0,1226925,687498.0,539427.0
2023,4,Kansas City Chiefs,80461.0,1205847,638715.0,567132.0
2023,4,Las Vegas Raiders,70240.0,1111041,559713.0,551328.0
2023,4,Los Angeles Chargers,70240.0,1190939,627632.0,563307.0
2023,4,New Orleans Saints,70003.0,1188849,560164.0,628685.0
2023,4,Tampa Bay Buccaneers,70003.0,1140061,510321.0,629740.0
2024,4,Atlanta Falcons,72204.0,1185384,642432.0,542952.0
2024,4,Carolina Panthers,77258.0,1175655,640515.0,535140.0
2024,4,Denver Broncos,82243.0,1142969,515265.0,627704.0
2024,4,Kansas City Chiefs,70240.0,1144982,588837.0,556145.0
2024,4,Las Vegas Raiders,62401.0,1122807,497403.0,625404.0
2024,4,Los Angeles Chargers,70240.0,1170832,559732.0,611100.0
2024,4,New Orleans Saints,72204.0,1227161,630113.0,597048.0
2024,4,Tampa Bay Buccaneers,64223.0,1160353,573195.0,587158.0
2015,5,Atlanta Falcons,70178.0,1134671,562845.0,571826.0
2015,5,Carolina Panthers,,1157689,592454.0,565235.0
2015,5,Denver Broncos,54500.0,1141878,615381.0,526497.0
2015,5,Kansas City Chiefs,75799.0,1130807,602228.0,528579.0
2015,5,New Orleans Saints,69296.0,1135027,584305.0,550722.0
2015,5,Tampa Bay Buccaneers,58490.0,1041376,492460.0,548916.0
2016,5,Atlanta Falcons,76802.0,1116392,559998.0,556394.0
2016,5,Carolina Panthers,73425.0,1159680,590343.0,569337.0
2016,5,Denver Broncos,76802.0,1133943,614193.0,519750.0
2016,5,Kansas City Chiefs,,1115214,586624.0,528590.0
2016,5,New Orleans Saints,,1141039,584876.0,556163.0
2016,5,Tampa Bay Buccaneers,73425.0,1054600,484998.0,569602.0
2017,5,Atlanta Falcons,,1123058,575681.0,547377.0
2017,5,Carolina Panthers,64288.0,1133961,588942.0,545019.0
2017,5,Denver Broncos,,1106590,610846.0,495744.0
2017,5,Kansas City Chiefs,71835.0,1134166,592851.0,541315.0
2017,5,Los Angeles Chargers,77373.0,783367,202687.0,580680.0
2017,5,New Orleans Saints,,1146046,585113.0,560933.0
2017,5,Tampa Bay Buccaneers,64476.0,1036961,479618.0,557343.0
2018,5,Atlanta Falcons,64781.0,1119143,583184.0,535959.0
2018,5,Carolina Panthers,74221.0,1102756,590182.0,512574.0
2018,5,Denver Broncos,77982.0,1092324,611571.0,480753.0
2018,5,Kansas City Chiefs,75289.0,1107376,607780.0,499596.0
2018,5,Los Angeles Chargers,25362.0,803556,262145.0,541411.0
2018,5,New Orleans Saints,73028.0,1147700,584411.0,563289.0
2018,5,Tampa Bay Buccaneers,,999843,434855.0,564988.0
2019,5,Atlanta Falcons,71787.0,1099463,572811.0,526652.0
2019,5,Carolina Panthers,72762.0,1122333,577765.0,544568.0
2019,5,Denver Broncos,25357.0,1104191,607497.0,496694.0
2019,5,Kansas City Chiefs,73352.0,1115771,587723.0,528048.0
2019,5,Los Angeles Chargers,25357.0,760644,254007.0,506637.0
2019,5,New Orleans Saints,73029.0,1117057,584660.0,532397.0
2019,5,Tampa Bay Buccaneers,73029.0,949068,415189.0,533879.0
2020,5,Atlanta Falcons,6656.0,113084,50657.0,62427.0
2020,5,Carolina Panthers,6656.0,55958,34229.0,21729.0
2020,5,Denver Broncos,,47133,21122.0,26011.0
2020,5,Kansas City Chiefs,13311.0,142549,105228.0,37321.0
2020,5,Las Vegas Raiders,13311.0,33407,,33407.0
2020,5,Los Angeles Chargers,749.0,38354,,38354.0
2020,5,New Orleans Saints,749.0,48429,22476.0,25953.0
2020,5,Tampa Bay Buccaneers,,123127,101383.0,21744.0
2021,5,Atlanta Falcons,60589.0,1173982,540764.0,633218.0
2021,5,Carolina Panthers,72545.0,1202133,575249.0,626884.0
2021,5,Denver Broncos,59841.0,1243881,686129.0,557752.0
2021,5,Kansas City Chiefs,73389.0,1192945,659044.0,533901.0
2021,5,Las Vegas Raiders,59122.0,1068732,550673.0,518059.0
2021,5,Los Angeles Chargers,70240.0,1153356,632160.0,521196.0
2021,5,New Orleans Saints,50137.0,1117104,519432.0,597672.0
2021,5,Tampa Bay Buccaneers,65570.0,1067169,457325.0,609844.0
2022,5,Atlanta Falcons,68299.0,1167681,626248.0,541433.0
2022,5,Carolina Panthers,72321.0,1201413,642167.0,559246.0
2022,5,Denver Broncos,76667.0,1251020,607845.0,643175.0
2022,5,Kansas City Chiefs,73523.0,1202995,587997.0,614998.0
2022,5,Las Vegas Raiders,73523.0,1125946,496363.0,629583.0
2022,5,Los Angeles Chargers,67431.0,1175977,559644.0,616333.0
2022,5,New Orleans Saints,70003.0,1168868,621249.0,547619.0
2022,5,Tampa Bay Buccaneers,68299.0,1196168,620898.0,575270.0
2023,5,Atlanta Falcons,69461.0,1176416,556828.0,619588.0
2023,5,Carolina Panthers,63648.0,1163926,573086.0,590840.0
2023,5,Denver Broncos,76387.0,1226925,687498.0,539427.0
2023,5,Kansas City Chiefs,67003.0,1205847,638715.0,567132.0
2023,5,Las Vegas Raiders,62572.0,1111041,559713.0,551328.0
2023,5,Los Angeles Chargers,,1190939,627632.0,563307.0
2023,5,New Orleans Saints,64628.0,1188849,560164.0,628685.0
2023,5,Tampa Bay Buccaneers,,1140061,510321.0,629740.0
2024,5,Atlanta Falcons,70016.0,1185384,642432.0,542952.0
2024,5,Carolina Panthers,59307.0,1175655,640515.0,535140.0
2024,5,Denver Broncos,72825.0,1142969,515265.0,627704.0
2024,5,Kansas City Chiefs,73592.0,1144982,588837.0,556145.0
2024,5,Las Vegas Raiders,72825.0,1122807,497403.0,625404.0
2024,5,Los Angeles Chargers,,1170832,559732.0,611100.0
2024,5,New Orleans Saints,73592.0,1227161,630113.0,597048.0
2024,5,Tampa Bay Buccaneers,70016.0,1160353,573195.0,587158.0
2015,6,Atlanta Falcons,73018.0,1134671,562845.0,571826.0
2015,6,Carolina Panthers,69020.0,1157689,592454.0,565235.0
2015,6,Denver Broncos,67431.0,1141878,615381.0,526497.0
2015,6,Kansas City Chiefs,52480.0,1130807,602228.0,528579.0
2015,6,New Orleans Saints,73018.0,1135027,584305.0,550722.0
2015,6,Tampa Bay Buccaneers,,1041376,492460.0,548916.0
2016,6,Atlanta Falcons,69071.0,1116392,559998.0,556394.0
2016,6,Carolina Panthers,73138.0,1159680,590343.0,569337.0
2016,6,Denver Broncos,58904.0,1133943,614193.0,519750.0
2016,6,Kansas City Chiefs,54211.0,1115214,586624.0,528590.0
2016,6,New Orleans Saints,73138.0,1141039,584876.0,556163.0
2016,6,Tampa Bay Buccaneers,,1054600,484998.0,569602.0
2017,6,Atlanta Falcons,70593.0,1123058,575681.0,547377.0
2017,6,Carolina Panthers,74373.0,1133961,588942.0,545019.0
2017,6,Denver Broncos,76721.0,1106590,610846.0,495744.0
2017,6,Kansas City Chiefs,76994.0,1134166,592851.0,541315.0
2017,6,Los Angeles Chargers,54685.0,783367,202687.0,580680.0
2017,6,New Orleans Saints,73117.0,1146046,585113.0,560933.0
2017,6,Tampa Bay Buccaneers,63999.0,1036961,479618.0,557343.0
2018,6,Atlanta Falcons,72665.0,1119143,583184.0,535959.0
2018,6,Carolina Panthers,60482.0,1102756,590182.0,512574.0
2018,6,Denver Broncos,76109.0,1092324,611571.0,480753.0
2018,6,Kansas City Chiefs,65878.0,1107376,607780.0,499596.0
2018,6,Los Angeles Chargers,67431.0,803556,262145.0,541411.0
2018,6,New Orleans Saints,,1147700,584411.0,563289.0
2018,6,Tampa Bay Buccaneers,72665.0,999843,434855.0,564988.0
2019,6,Atlanta Falcons,60140.0,1099463,572811.0,526652.0
2019,6,Carolina Panthers,60087.0,1122333,577765.0,544568.0
2019,6,Denver Broncos,75815.0,1104191,607497.0,496694.0
2019,6,Kansas City Chiefs,73323.0,1115771,587723.0,528048.0
2019,6,Los Angeles Chargers,25425.0,760644,254007.0,506637.0
2019,6,New Orleans Saints,64341.0,1117057,584660.0,532397.0
2019,6,Tampa Bay Buccaneers,60087.0,949068,415189.0,533879.0
2020,6,Atlanta Falcons,,113084,50657.0,62427.0
2020,6,Carolina Panthers,5240.0,55958,34229.0,21729.0
2020,6,Denver Broncos,,47133,21122.0,26011.0
2020,6,Kansas City Chiefs,,142549,105228.0,37321.0
2020,6,Las Vegas Raiders,,33407,,33407.0
2020,6,Los Angeles Chargers,,38354,,38354.0
2020,6,New Orleans Saints,,48429,22476.0,25953.0
2020,6,Tampa Bay Buccaneers,15540.0,123127,101383.0,21744.0
2021,6,Atlanta Falcons,,1173982,540764.0,633218.0
2021,6,Carolina Panthers,72104.0,1202133,575249.0,626884.0
2021,6,Denver Broncos,76854.0,1243881,686129.0,557752.0
2021,6,Kansas City Chiefs,51322.0,1192945,659044.0,533901.0
2021,6,Las Vegas Raiders,76854.0,1068732,550673.0,518059.0
2021,6,Los Angeles Chargers,70704.0,1153356,632160.0,521196.0
2021,6,New Orleans Saints,,1117104,519432.0,597672.0
2021,6,Tampa Bay Buccaneers,69796.0,1067169,457325.0,609844.0
2022,6,Atlanta Falcons,69813.0,1167681,626248.0,541433.0
2022,6,Carolina Panthers,71482.0,1201413,642167.0,559246.0
2022,6,Denver Broncos,70240.0,1251020,607845.0,643175.0
2022,6,Kansas City Chiefs,73586.0,1202995,587997.0,614998.0
2022,6,Las Vegas Raiders,,1125946,496363.0,629583.0
2022,6,Los Angeles Chargers,70240.0,1175977,559644.0,616333.0
2022,6,New Orleans Saints,70004.0,1168868,621249.0,547619.0
2022,6,Tampa Bay Buccaneers,67307.0,1196168,620898.0,575270.0
2023,6,Atlanta Falcons,69921.0,1176416,556828.0,619588.0
2023,6,Carolina Panthers,65529.0,1163926,573086.0,590840.0
2023,6,Denver Broncos,73528.0,1226925,687498.0,539427.0
2023,6,Kansas City Chiefs,73528.0,1205847,638715.0,567132.0
2023,6,Las Vegas Raiders,61985.0,1111041,559713.0,551328.0
2023,6,Los Angeles Chargers,70240.0,1190939,627632.0,563307.0
2023,6,New Orleans Saints,71810.0,1188849,560164.0,628685.0
2023,6,Tampa Bay Buccaneers,65854.0,1140061,510321.0,629740.0
2024,6,Atlanta Falcons,70884.0,1185384,642432.0,542952.0
2024,6,Carolina Panthers,70884.0,1175655,640515.0,535140.0
2024,6,Denver Broncos,70743.0,1142969,515265.0,627704.0
2024,6,Kansas City Chiefs,,1144982,588837.0,556145.0
2024,6,Las Vegas Raiders,62553.0,1122807,497403.0,625404.0
2024,6,Los Angeles Chargers,70743.0,1170832,559732.0,611100.0
2024,6,New Orleans Saints,70041.0,1227161,630113.0,597048.0
2024,6,Tampa Bay Buccaneers,70041.0,1160353,573195.0,587158.0
2015,7,Atlanta Falcons,63329.0,1134671,562845.0,571826.0
2015,7,Carolina Panthers,74194.0,1157689,592454.0,565235.0
2015,7,Denver Broncos,,1141878,615381.0,526497.0
2015,7,Kansas City Chiefs,76365.0,1130807,602228.0,528579.0
2015,7,New Orleans Saints,66420.0,1135027,584305.0,550722.0
2015,7,Tampa Bay Buccaneers,72912.0,1041376,492460.0,548916.0
2016,7,Atlanta Falcons,69832.0,1116392,559998.0,556394.0
2016,7,Carolina Panthers,,1159680,590343.0,569337.0
2016,7,Denver Broncos,76865.0,1133943,614193.0,519750.0
2016,7,Kansas City Chiefs,76282.0,1115214,586624.0,528590.0
2016,7,New Orleans Saints,76282.0,1141039,584876.0,556163.0
2016,7,Tampa Bay Buccaneers,70178.0,1054600,484998.0,569602.0
2017,7,Atlanta Falcons,65878.0,1123058,575681.0,547377.0
2017,7,Carolina Panthers,61256.0,1133961,588942.0,545019.0
2017,7,Denver Broncos,25388.0,1106590,610846.0,495744.0
2017,7,Kansas City Chiefs,55090.0,1134166,592851.0,541315.0
2017,7,Los Angeles Chargers,25388.0,783367,202687.0,580680.0
2017,7,New Orleans Saints,78380.0,1146046,585113.0,560933.0
2017,7,Tampa Bay Buccaneers,68561.0,1036961,479618.0,557343.0
2018,7,Atlanta Falcons,72756.0,1119143,583184.0,535959.0
2018,7,Carolina Panthers,69696.0,1102756,590182.0,512574.0
2018,7,Denver Broncos,62359.0,1092324,611571.0,480753.0
2018,7,Kansas City Chiefs,75676.0,1107376,607780.0,499596.0
2018,7,Los Angeles Chargers,84301.0,803556,262145.0,541411.0
2018,7,New Orleans Saints,70639.0,1147700,584411.0,563289.0
2018,7,Tampa Bay Buccaneers,53682.0,999843,434855.0,564988.0
2019,7,Atlanta Falcons,71856.0,1099463,572811.0,526652.0
2019,7,Carolina Panthers,,1122333,577765.0,544568.0
2019,7,Denver Broncos,76748.0,1104191,607497.0,496694.0
2019,7,Kansas City Chiefs,76748.0,1115771,587723.0,528048.0
2019,7,Los Angeles Chargers,62431.0,760644,254007.0,506637.0
2019,7,New Orleans Saints,62306.0,1117057,584660.0,532397.0
2019,7,Tampa Bay Buccaneers,,949068,415189.0,533879.0
2020,7,Atlanta Falcons,7796.0,113084,50657.0,62427.0
2020,7,Carolina Panthers,3000.0,55958,34229.0,21729.0
2020,7,Denver Broncos,5314.0,47133,21122.0,26011.0
2020,7,Kansas City Chiefs,5314.0,142549,105228.0,37321.0
2020,7,Las Vegas Raiders,,33407,,33407.0
2020,7,Los Angeles Chargers,,38354,,38354.0
2020,7,New Orleans Saints,3000.0,48429,22476.0,25953.0
2020,7,Tampa Bay Buccaneers,,123127,101383.0,21744.0
2021,7,Atlanta Falcons,62739.0,1173982,540764.0,633218.0
2021,7,Carolina Panthers,71889.0,1202133,575249.0,626884.0
2021,7,Denver Broncos,67431.0,1243881,686129.0,557752.0
2021,7,Kansas City Chiefs,69484.0,1192945,659044.0,533901.0
2021,7,Las Vegas Raiders,62000.0,1068732,550673.0,518059.0
2021,7,Los Angeles Chargers,,1153356,632160.0,521196.0
2021,7,New Orleans Saints,68563.0,1117104,519432.0,597672.0
2021,7,Tampa Bay Buccaneers,65635.0,1067169,457325.0,609844.0
2022,7,Atlanta Falcons,66158.0,1167681,626248.0,541433.0
2022,7,Carolina Panthers,71941.0,1201413,642167.0,559246.0
2022,7,Denver Broncos,76624.0,1251020,607845.0,643175.0
2022,7,Kansas City Chiefs,71746.0,1202995,587997.0,614998.0
2022,7,Las Vegas Raiders,61228.0,1125946,496363.0,629583.0
2022,7,Los Angeles Chargers,70240.0,1175977,559644.0,616333.0
2022,7,New Orleans Saints,63290.0,1168868,621249.0,547619.0
2022,7,Tampa Bay Buccaneers,71941.0,1196168,620898.0,575270.0
2023,7,Atlanta Falcons,62620.0,1176416,556828.0,619588.0
2023,7,Carolina Panthers,,1163926,573086.0,590840.0
2023,7,Denver Broncos,76880.0,1226925,687498.0,539427.0
2023,7,Kansas City Chiefs,73642.0,1205847,638715.0,567132.0
2023,7,Las Vegas Raiders,62199.0,1111041,559713.0,551328.0
2023,7,Los Angeles Chargers,73642.0,1190939,627632.0,563307.0
2023,7,New Orleans Saints,70009.0,1188849,560164.0,628685.0
2023,7,Tampa Bay Buccaneers,62620.0,1140061,510321.0,629740.0
2024,7,Atlanta Falcons,70691.0,1185384,642432.0,542952.0
2024,7,Carolina Panthers,63380.0,1175655,640515.0,535140.0
2024,7,Denver Broncos,70008.0,1142969,515265.0,627704.0
2024,7,Kansas City Chiefs,71309.0,1144982,588837.0,556145.0
2024,7,Las Vegas Raiders,73267.0,1122807,497403.0,625404.0
2024,7,Los Angeles Chargers,64357.0,1170832,559732.0,611100.0
2024,7,New Orleans Saints,70008.0,1227161,630113.0,597048.0
2024,7,Tampa Bay Buccaneers,64828.0,1160353,573195.0,587158.0
2015,8,Atlanta Falcons,70524.0,1134671,562845.0,571826.0
2015,8,Carolina Panthers,74136.0,1157689,592454.0,565235.0
2015,8,Denver Broncos,77075.0,1141878,615381.0,526497.0
2015,8,Kansas City Chiefs,83624.0,1130807,602228.0,528579.0
2015,8,New Orleans Saints,73019.0,1135027,584305.0,550722.0
2015,8,Tampa Bay Buccaneers,70524.0,1041376,492460.0,548916.0
2016,8,Atlanta Falcons,70165.0,1116392,559998.0,556394.0
2016,8,Carolina Panthers,74088.0,1159680,590343.0,569337.0
2016,8,Denver Broncos,76756.0,1133943,614193.0,519750.0
2016,8,Kansas City Chiefs,65417.0,1115214,586624.0,528590.0
2016,8,New Orleans Saints,73188.0,1141039,584876.0,556163.0
2016,8,Tampa Bay Buccaneers,61068.0,1054600,484998.0,569602.0
2017,8,Atlanta Falcons,77562.0,1123058,575681.0,547377.0
2017,8,Carolina Panthers,58545.0,1133961,588942.0,545019.0
2017,8,Denver Broncos,76573.0,1106590,610846.0,495744.0
2017,8,Kansas City Chiefs,76573.0,1134166,592851.0,541315.0
2017,8,Los Angeles Chargers,65878.0,783367,202687.0,580680.0
2017,8,New Orleans Saints,73192.0,1146046,585113.0,560933.0
2017,8,Tampa Bay Buccaneers,58545.0,1036961,479618.0,557343.0
2018,8,Atlanta Falcons,,1119143,583184.0,535959.0
2018,8,Carolina Panthers,73843.0,1102756,590182.0,512574.0
2018,8,Denver Broncos,77103.0,1092324,611571.0,480753.0
2018,8,Kansas City Chiefs,77103.0,1107376,607780.0,499596.0
2018,8,Los Angeles Chargers,,803556,262145.0,541411.0
2018,8,New Orleans Saints,66801.0,1147700,584411.0,563289.0
2018,8,Tampa Bay Buccaneers,45134.0,999843,434855.0,564988.0
2019,8,Atlanta Falcons,71483.0,1099463,572811.0,526652.0
2019,8,Carolina Panthers,69083.0,1122333,577765.0,544568.0
2019,8,Denver Broncos,61653.0,1104191,607497.0,496694.0
2019,8,Kansas City Chiefs,73558.0,1115771,587723.0,528048.0
2019,8,Los Angeles Chargers,61632.0,760644,254007.0,506637.0
2019,8,New Orleans Saints,73064.0,1117057,584660.0,532397.0
2019,8,Tampa Bay Buccaneers,62073.0,949068,415189.0,533879.0
2020,8,Atlanta Falcons,5240.0,113084,50657.0,62427.0
2020,8,Carolina Panthers,5240.0,55958,34229.0,21729.0
2020,8,Denver Broncos,5231.0,47133,21122.0,26011.0
2020,8,Kansas City Chiefs,11932.0,142549,105228.0,37321.0
2020,8,Las Vegas Raiders,10972.0,33407,,33407.0
2020,8,Los Angeles Chargers,5231.0,38354,,38354.0
2020,8,New Orleans Saints,,48429,22476.0,25953.0
2020,8,Tampa Bay Buccaneers,,123127,101383.0,21744.0
2021,8,Atlanta Falcons,68583.0,1173982,540764.0,633218.0
2021,8,Carolina Panthers,68583.0,1202133,575249.0,626884.0
2021,8,Denver Broncos,75973.0,1243881,686129.0,557752.0
2021,8,Kansas City Chiefs,72898.0,1192945,659044.0,533901.0
2021,8,Las Vegas Raiders,,1068732,550673.0,518059.0
2021,8,Los Angeles Chargers,70240.0,1153356,632160.0,521196.0
2021,8,New Orleans Saints,69170.0,1117104,519432.0,597672.0
2021,8,Tampa Bay Buccaneers,69170.0,1067169,457325.0,609844.0
2022,8,Atlanta Falcons,68996.0,1167681,626248.0,541433.0
2022,8,Carolina Panthers,68996.0,1201413,642167.0,559246.0
2022,8,Denver Broncos,86215.0,1251020,607845.0,643175.0
2022,8,Kansas City Chiefs,,1202995,587997.0,614998.0
2022,8,Las Vegas Raiders,70009.0,1125946,496363.0,629583.0
2022,8,Los Angeles Chargers,,1175977,559644.0,616333.0
2022,8,New Orleans Saints,70009.0,1168868,621249.0,547619.0
2022,8,Tampa Bay Buccaneers,68912.0,1196168,620898.0,575270.0
2023,8,Atlanta Falcons,68008.0,1176416,556828.0,619588.0
2023,8,Carolina Panthers,71505.0,1163926,573086.0,590840.0
2023,8,Denver Broncos,76286.0,1226925,687498.0,539427.0
2023,8,Kansas City Chiefs,76286.0,1205847,638715.0,567132.0
2023,8,Las Vegas Raiders,66774.0,1111041,559713.0,551328.0
2023,8,Los Angeles Chargers,70240.0,1190939,627632.0,563307.0
2023,8,New Orleans Saints,65427.0,1188849,560164.0,628685.0
2023,8,Tampa Bay Buccaneers,70416.0,1140061,510321.0,629740.0
2024,8,Atlanta Falcons,62787.0,1185384,642432.0,542952.0
2024,8,Carolina Panthers,76135.0,1175655,640515.0,535140.0
2024,8,Denver Broncos,76135.0,1142969,515265.0,627704.0
2024,8,Kansas City Chiefs,62533.0,1144982,588837.0,556145.0
2024,8,Las Vegas Raiders,62533.0,1122807,497403.0,625404.0
2024,8,Los Angeles Chargers,70240.0,1170832,559732.0,611100.0
2024,8,New Orleans Saints,70240.0,1227161,630113.0,597048.0
2024,8,Tampa Bay Buccaneers,62787.0,1160353,573195.0,587158.0
2015,9,Atlanta Falcons,70799.0,1134671,562845.0,571826.0
2015,9,Carolina Panthers,74461.0,1157689,592454.0,565235.0
2015,9,Denver Broncos,66894.0,1141878,615381.0,526497.0
2015,9,Kansas City Chiefs,,1130807,602228.0,528579.0
2015,9,New Orleans Saints,73075.0,1135027,584305.0,550722.0
2015,9,Tampa Bay Buccaneers,64351.0,1041376,492460.0,548916.0
2016,9,Atlanta Falcons,57797.0,1116392,559998.0,556394.0
2016,9,Carolina Panthers,86109.0,1159680,590343.0,569337.0
2016,9,Denver Broncos,54957.0,1133943,614193.0,519750.0
2016,9,Kansas City Chiefs,73294.0,1115214,586624.0,528590.0
2016,9,New Orleans Saints,70178.0,1141039,584876.0,556163.0
2016,9,Tampa Bay Buccaneers,57797.0,1054600,484998.0,569602.0
2017,9,Atlanta Falcons,74244.0,1123058,575681.0,547377.0
2017,9,Carolina Panthers,74244.0,1133961,588942.0,545019.0
2017,9,Denver Broncos,69596.0,1106590,610846.0,495744.0
2017,9,Kansas City Chiefs,93273.0,1134166,592851.0,541315.0
2017,9,Los Angeles Chargers,,783367,202687.0,580680.0
2017,9,New Orleans Saints,73121.0,1146046,585113.0,560933.0
2017,9,Tampa Bay Buccaneers,73121.0,1036961,479618.0,557343.0
2018,9,Atlanta Falcons,62386.0,1119143,583184.0,535959.0
2018,9,Carolina Panthers,73513.0,1102756,590182.0,512574.0
2018,9,Denver Broncos,76270.0,1092324,611571.0,480753.0
2018,9,Kansas City Chiefs,67431.0,1107376,607780.0,499596.0
2018,9,Los Angeles Chargers,68989.0,803556,262145.0,541411.0
2018,9,New Orleans Saints,73086.0,1147700,584411.0,563289.0
2018,9,Tampa Bay Buccaneers,73513.0,999843,434855.0,564988.0
2019,9,Atlanta Falcons,,1099463,572811.0,526652.0
2019,9,Carolina Panthers,72540.0,1122333,577765.0,544568.0
2019,9,Denver Broncos,76743.0,1104191,607497.0,496694.0
2019,9,Kansas City Chiefs,73615.0,1115771,587723.0,528048.0
2019,9,Los Angeles Chargers,25435.0,760644,254007.0,506637.0
2019,9,New Orleans Saints,,1117057,584660.0,532397.0
2019,9,Tampa Bay Buccaneers,68948.0,949068,415189.0,533879.0
2020,9,Atlanta Falcons,7665.0,113084,50657.0,62427.0
2020,9,Carolina Panthers,12073.0,55958,34229.0,21729.0
2020,9,Denver Broncos,7665.0,47133,21122.0,26011.0
2020,9,Kansas City Chiefs,12073.0,142549,105228.0,37321.0
2020,9,Las Vegas Raiders,,33407,,33407.0
2020,9,Los Angeles Chargers,,38354,,38354.0
2020,9,New Orleans Saints,15740.0,48429,22476.0,25953.0
2020,9,Tampa Bay Buccaneers,15740.0,123127,101383.0,21744.0
2021,9,Atlanta Falcons,69170.0,1173982,540764.0,633218.0
2021,9,Carolina Panthers,72203.0,1202133,575249.0,626884.0
2021,9,Denver Broncos,93503.0,1243881,686129.0,557752.0
2021,9,Kansas City Chiefs,73476.0,1192945,659044.0,533901.0
2021,9,Las Vegas Raiders,74512.0,1068732,550673.0,518059.0
2021,9,Los Angeles Chargers,69796.0,1153356,632160.0,521196.0
2021,9,New Orleans Saints,69170.0,1117104,519432.0,597672.0
2021,9,Tampa Bay Buccaneers,,1067169,457325.0,609844.0
2022,9,Atlanta Falcons,69299.0,1167681,626248.0,541433.0
2022,9,Carolina Panthers,66160.0,1201413,642167.0,559246.0
2022,9,Denver Broncos,,1251020,607845.0,643175.0
2022,9,Kansas City Chiefs,73475.0,1202995,587997.0,614998.0
2022,9,Las Vegas Raiders,62758.0,1125946,496363.0,629583.0
2022,9,Los Angeles Chargers,69299.0,1175977,559644.0,616333.0
2022,9,New Orleans Saints,70010.0,1168868,621249.0,547619.0
2022,9,Tampa Bay Buccaneers,69019.0,1196168,620898.0,575270.0
2023,9,Atlanta Falcons,69715.0,1176416,556828.0,619588.0
2023,9,Carolina Panthers,72301.0,1163926,573086.0,590840.0
2023,9,Denver Broncos,,1226925,687498.0,539427.0
2023,9,Kansas City Chiefs,50023.0,1205847,638715.0,567132.0
2023,9,Las Vegas Raiders,62082.0,1111041,559713.0,551328.0
2023,9,Los Angeles Chargers,75407.0,1190939,627632.0,563307.0
2023,9,New Orleans Saints,70006.0,1188849,560164.0,628685.0
2023,9,Tampa Bay Buccaneers,70785.0,1140061,510321.0,629740.0
2024,9,Atlanta Falcons,72665.0,1185384,642432.0,542952.0
2024,9,Carolina Panthers,70292.0,1175655,640515.0,535140.0
2024,9,Denver Broncos,71051.0,1142969,515265.0,627704.0
2024,9,Kansas City Chiefs,73574.0,1144982,588837.0,556145.0
2024,9,Las Vegas Raiders,65962.0,1122807,497403.0,625404.0
2024,9,Los Angeles Chargers,67431.0,1170832,559732.0,611100.0
2024,9,New Orleans Saints,70292.0,1227161,630113.0,597048.0
2024,9,Tampa Bay Buccaneers,73574.0,1160353,573195.0,587158.0
2015,10,Atlanta Falcons,,1134671,562845.0,571826.0
2015,10,Carolina Panthers,63591.0,1157689,592454.0,565235.0
2015,10,Denver Broncos,76973.0,1141878,615381.0,526497.0
2015,10,Kansas City Chiefs,76973.0,1130807,602228.0,528579.0
2015,10,New Orleans Saints,75086.0,1135027,584305.0,550722.0
2015,10,Tampa Bay Buccaneers,64113.0,1041376,492460.0,548916.0
2016,10,Atlanta Falcons,69596.0,1116392,559998.0,556394.0
2016,10,Carolina Panthers,74181.0,1159680,590343.0,569337.0
2016,10,Denver Broncos,73138.0,1133943,614193.0,519750.0
2016,10,Kansas City Chiefs,74181.0,1115214,586624.0,528590.0
2016,10,New Orleans Saints,73138.0,1141039,584876.0,556163.0
2016,10,Tampa Bay Buccaneers,62898.0,1054600,484998.0,569602.0
2017,10,Atlanta Falcons,73761.0,1123058,575681.0,547377.0
2017,10,Carolina Panthers,72790.0,1133961,588942.0,545019.0
2017,10,Denver Broncos,76820.0,1106590,610846.0,495744.0
2017,10,Kansas City Chiefs,,1134166,592851.0,541315.0
2017,10,Los Angeles Chargers,60835.0,783367,202687.0,580680.0
2017,10,New Orleans Saints,67501.0,1146046,585113.0,560933.0
2017,10,Tampa Bay Buccaneers,57911.0,1036961,479618.0,557343.0
2018,10,Atlanta Falcons,62144.0,1119143,583184.0,535959.0
2018,10,Carolina Panthers,62881.0,1102756,590182.0,512574.0
2018,10,Denver Broncos,,1092324,611571.0,480753.0
2018,10,Kansas City Chiefs,76712.0,1107376,607780.0,499596.0
2018,10,Los Angeles Chargers,54750.0,803556,262145.0,541411.0
2018,10,New Orleans Saints,52492.0,1147700,584411.0,563289.0
2018,10,Tampa Bay Buccaneers,52667.0,999843,434855.0,564988.0
2019,10,Atlanta Falcons,73283.0,1099463,572811.0,526652.0
2019,10,Carolina Panthers,78090.0,1122333,577765.0,544568.0
2019,10,Denver Broncos,,1104191,607497.0,496694.0
2019,10,Kansas City Chiefs,68864.0,1115771,587723.0,528048.0
2019,10,Los Angeles Chargers,51954.0,760644,254007.0,506637.0
2019,10,New Orleans Saints,73283.0,1117057,584660.0,532397.0
2019,10,Tampa Bay Buccaneers,40038.0,949068,415189.0,533879.0
2020,10,Atlanta Falcons,,113084,50657.0,62427.0
2020,10,Carolina Panthers,5815.0,55958,34229.0,21729.0
2020,10,Denver Broncos,,47133,21122.0,26011.0
2020,10,Kansas City Chiefs,,142549,105228.0,37321.0
2020,10,Las Vegas Raiders,,33407,,33407.0
2020,10,Los Angeles Chargers,12751.0,38354,,38354.0
2020,10,New Orleans Saints,5979.0,48429,22476.0,25953.0
2020,10,Tampa Bay Buccaneers,5815.0,123127,101383.0,21744.0
2021,10,Atlanta Falcons,93436.0,1173982,540764.0,633218.0
2021,10,Carolina Panthers,62400.0,1202133,575249.0,626884.0
2021,10,Denver Broncos,76766.0,1243881,686129.0,557752.0
2021,10,Kansas City Chiefs,62125.0,1192945,659044.0,533901.0
2021,10,Las Vegas Raiders,62125.0,1068732,550673.0,518059.0
2021,10,Los Angeles Chargers,70240.0,1153356,632160.0,521196.0
2021,10,New Orleans Saints,69414.0,1117104,519432.0,597672.0
2021,10,Tampa Bay Buccaneers,52128.0,1067169,457325.0,609844.0
2022,10,Atlanta Falcons,72029.0,1167681,626248.0,541433.0
2022,10,Carolina Panthers,72029.0,1201413,642167.0,559246.0
2022,10,Denver Broncos,69240.0,1251020,607845.0,643175.0
2022,10,Kansas City Chiefs,73493.0,1202995,587997.0,614998.0
2022,10,Las Vegas Raiders,62197.0,1125946,496363.0,629583.0
2022,10,Los Angeles Chargers,71709.0,1175977,559644.0,616333.0
2022,10,New Orleans Saints,66544.0,1168868,621249.0,547619.0
2022,10,Tampa Bay Buccaneers,69811.0,1196168,620898.0,575270.0
2023,10,Atlanta Falcons,62861.0,1176416,556828.0,619588.0
2023,10,Carolina Panthers,61200.0,1163926,573086.0,590840.0
2023,10,Denver Broncos,70318.0,1226925,687498.0,539427.0
2023,10,Kansas City Chiefs,,1205847,638715.0,567132.0
2023,10,Las Vegas Raiders,62383.0,1111041,559713.0,551328.0
2023,10,Los Angeles Chargers,70240.0,1190939,627632.0,563307.0
2023,10,New Orleans Saints,66933.0,1188849,560164.0,628685.0
2023,10,Tampa Bay Buccaneers,62725.0,1140061,510321.0,629740.0
2024,10,Atlanta Falcons,70005.0,1185384,642432.0,542952.0
2024,10,Carolina Panthers,70132.0,1175655,640515.0,535140.0
2024,10,Denver Broncos,73704.0,1142969,515265.0,627704.0
2024,10,Kansas City Chiefs,73704.0,1144982,588837.0,556145.0
2024,10,Las Vegas Raiders,,1122807,497403.0,625404.0
2024,10,Los Angeles Chargers,68796.0,1170832,559732.0,611100.0
2024,10,New Orleans Saints,70005.0,1227161,630113.0,597048.0
2024,10,Tampa Bay Buccaneers,64914.0,1160353,573195.0,587158.0
2015,11,Atlanta Falcons,70433.0,1134671,562845.0,571826.0
2015,11,Carolina Panthers,74418.0,1157689,592454.0,565235.0
2015,11,Denver Broncos,62483.0,1141878,615381.0,526497.0
2015,11,Kansas City Chiefs,65837.0,1130807,602228.0,528579.0
2015,11,New Orleans Saints,,1135027,584305.0,550722.0
2015,11,Tampa Bay Buccaneers,69596.0,1041376,492460.0,548916.0
2016,11,Atlanta Falcons,,1116392,559998.0,556394.0
2016,11,Carolina Panthers,73288.0,1159680,590343.0,569337.0
2016,11,Denver Broncos,,1133943,614193.0,519750.0
2016,11,Kansas City Chiefs,72277.0,1115214,586624.0,528590.0
2016,11,New Orleans Saints,73288.0,1141039,584876.0,556163.0
2016,11,Tampa Bay Buccaneers,72277.0,1054600,484998.0,569602.0
2017,11,Atlanta Falcons,69026.0,1123058,575681.0,547377.0
2017,11,Carolina Panthers,,1133961,588942.0,545019.0
2017,11,Denver Broncos,75707.0,1106590,610846.0,495744.0
2017,11,Kansas City Chiefs,76363.0,1134166,592851.0,541315.0
2017,11,Los Angeles Chargers,25015.0,783367,202687.0,580680.0
2017,11,New Orleans Saints,73138.0,1146046,585113.0,560933.0
2017,11,Tampa Bay Buccaneers,65089.0,1036961,479618.0,557343.0
2018,11,Atlanta Falcons,74447.0,1119143,583184.0,535959.0
2018,11,Carolina Panthers,61999.0,1102756,590182.0,512574.0
2018,11,Denver Broncos,25462.0,1092324,611571.0,480753.0
2018,11,Kansas City Chiefs,77002.0,1107376,607780.0,499596.0
2018,11,Los Angeles Chargers,25462.0,803556,262145.0,541411.0
2018,11,New Orleans Saints,73042.0,1147700,584411.0,563289.0
2018,11,Tampa Bay Buccaneers,75863.0,999843,434855.0,564988.0
2019,11,Atlanta Falcons,73106.0,1099463,572811.0,526652.0
2019,11,Carolina Panthers,73106.0,1122333,577765.0,544568.0
2019,11,Denver Broncos,66883.0,1104191,607497.0,496694.0
2019,11,Kansas City Chiefs,76252.0,1115771,587723.0,528048.0
2019,11,Los Angeles Chargers,76252.0,760644,254007.0,506637.0
2019,11,New Orleans Saints,54333.0,1117057,584660.0,532397.0
2019,11,Tampa Bay Buccaneers,54333.0,949068,415189.0,533879.0
2020,11,Atlanta Falcons,6000.0,113084,50657.0,62427.0
2020,11,Carolina Panthers,5546.0,55958,34229.0,21729.0
2020,11,Denver Broncos,5351.0,47133,21122.0,26011.0
2020,11,Kansas City Chiefs,,142549,105228.0,37321.0
2020,11,Las Vegas Raiders,,33407,,33407.0
2020,11,Los Angeles Chargers,,38354,,38354.0
2020,11,New Orleans Saints,6000.0,48429,22476.0,25953.0
2020,11,Tampa Bay Buccaneers,15730.0,123127,101383.0,21744.0
2021,11,Atlanta Falcons,68286.0,1173982,540764.0,633218.0
2021,11,Carolina Panthers,73350.0,1202133,575249.0,626884.0
2021,11,Denver Broncos,,1243881,686129.0,557752.0
2021,11,Kansas City Chiefs,73494.0,1192945,659044.0,533901.0
2021,11,Las Vegas Raiders,61712.0,1068732,550673.0,518059.0
2021,11,Los Angeles Chargers,70240.0,1153356,632160.0,521196.0
2021,11,New Orleans Saints,69796.0,1117104,519432.0,597672.0
2021,11,Tampa Bay Buccaneers,65643.0,1067169,457325.0,609844.0
2022,11,Atlanta Falcons,69757.0,1167681,626248.0,541433.0
2022,11,Carolina Panthers,70677.0,1201413,642167.0,559246.0
2022,11,Denver Broncos,76056.0,1251020,607845.0,643175.0
2022,11,Kansas City Chiefs,70240.0,1202995,587997.0,614998.0
2022,11,Las Vegas Raiders,76056.0,1125946,496363.0,629583.0
2022,11,Los Angeles Chargers,70240.0,1175977,559644.0,616333.0
2022,11,New Orleans Saints,70025.0,1168868,621249.0,547619.0
2022,11,Tampa Bay Buccaneers,,1196168,620898.0,575270.0
2023,11,Atlanta Falcons,,1176416,556828.0,619588.0
2023,11,Carolina Panthers,73543.0,1163926,573086.0,590840.0
2023,11,Denver Broncos,76848.0,1226925,687498.0,539427.0
2023,11,Kansas City Chiefs,73754.0,1205847,638715.0,567132.0
2023,11,Las Vegas Raiders,66026.0,1111041,559713.0,551328.0
2023,11,Los Angeles Chargers,77432.0,1190939,627632.0,563307.0
2023,11,New Orleans Saints,,1188849,560164.0,628685.0
2023,11,Tampa Bay Buccaneers,71607.0,1140061,510321.0,629740.0
2024,11,Atlanta Falcons,76545.0,1185384,642432.0,542952.0
2024,11,Carolina Panthers,,1175655,640515.0,535140.0
2024,11,Denver Broncos,76545.0,1142969,515265.0,627704.0
2024,11,Kansas City Chiefs,71112.0,1144982,588837.0,556145.0
2024,11,Las Vegas Raiders,65440.0,1122807,497403.0,625404.0
2024,11,Los Angeles Chargers,70240.0,1170832,559732.0,611100.0
2024,11,New Orleans Saints,70006.0,1227161,630113.0,597048.0
2024,11,Tampa Bay Buccaneers,,1160353,573195.0,587158.0
2015,12,Atlanta Falcons,70610.0,1134671,562845.0,571826.0
2015,12,Carolina Panthers,90909.0,1157689,592454.0,565235.0
2015,12,Denver Broncos,76970.0,1141878,615381.0,526497.0
2015,12,Kansas City Chiefs,72493.0,1130807,602228.0,528579.0
2015,12,New Orleans Saints,71778.0,1135027,584305.0,550722.0
2015,12,Tampa Bay Buccaneers,65696.0,1041376,492460.0,548916.0
2016,12,Atlanta Falcons,69233.0,1116392,559998.0,556394.0
2016,12,Carolina Panthers,54909.0,1159680,590343.0,569337.0
2016,12,Denver Broncos,76819.0,1133943,614193.0,519750.0
2016,12,Kansas City Chiefs,76819.0,1115214,586624.0,528590.0
2016,12,New Orleans Saints,73067.0,1141039,584876.0,556163.0
2016,12,Tampa Bay Buccaneers,63674.0,1054600,484998.0,569602.0
2017,12,Atlanta Falcons,71036.0,1123058,575681.0,547377.0
2017,12,Carolina Panthers,77562.0,1133961,588942.0,545019.0
2017,12,Denver Broncos,53930.0,1106590,610846.0,495744.0
2017,12,Kansas City Chiefs,74929.0,1134166,592851.0,541315.0
2017,12,Los Angeles Chargers,93012.0,783367,202687.0,580680.0
2017,12,New Orleans Saints,62006.0,1146046,585113.0,560933.0
2017,12,Tampa Bay Buccaneers,71036.0,1036961,479618.0,557343.0
2018,12,Atlanta Falcons,73017.0,1119143,583184.0,535959.0
2018,12,Carolina Panthers,74002.0,1102756,590182.0,512574.0
2018,12,Denver Broncos,76536.0,1092324,611571.0,480753.0
2018,12,Kansas City Chiefs,,1107376,607780.0,499596.0
2018,12,Los Angeles Chargers,25343.0,803556,262145.0,541411.0
2018,12,New Orleans Saints,73017.0,1147700,584411.0,563289.0
2018,12,Tampa Bay Buccaneers,50436.0,999843,434855.0,564988.0
2019,12,Atlanta Falcons,71463.0,1099463,572811.0,526652.0
2019,12,Carolina Panthers,73068.0,1122333,577765.0,544568.0
2019,12,Denver Broncos,67338.0,1104191,607497.0,496694.0
2019,12,Kansas City Chiefs,,1115771,587723.0,528048.0
2019,12,Los Angeles Chargers,,760644,254007.0,506637.0
2019,12,New Orleans Saints,73068.0,1117057,584660.0,532397.0
2019,12,Tampa Bay Buccaneers,71463.0,949068,415189.0,533879.0
2020,12,Atlanta Falcons,9124.0,113084,50657.0,62427.0
2020,12,Carolina Panthers,,55958,34229.0,21729.0
2020,12,Denver Broncos,,47133,21122.0,26011.0
2020,12,Kansas City Chiefs,15950.0,142549,105228.0,37321.0
2020,12,Las Vegas Raiders,9124.0,33407,,33407.0
2020,12,Los Angeles Chargers,,38354,,38354.0
2020,12,New Orleans Saints,,48429,22476.0,25953.0
2020,12,Tampa Bay Buccaneers,15950.0,123127,101383.0,21744.0
2021,12,Atlanta Falcons,60031.0,1173982,540764.0,633218.0
2021,12,Carolina Panthers,62389.0,1202133,575249.0,626884.0
2021,12,Denver Broncos,75807.0,1243881,686129.0,557752.0
2021,12,Kansas City Chiefs,,1192945,659044.0,533901.0
2021,12,Las Vegas Raiders,93483.0,1068732,550673.0,518059.0
2021,12,Los Angeles Chargers,75807.0,1153356,632160.0,521196.0
2021,12,New Orleans Saints,69170.0,1117104,519432.0,597672.0
2021,12,Tampa Bay Buccaneers,66140.0,1067169,457325.0,609844.0
2022,12,Atlanta Falcons,53864.0,1167681,626248.0,541433.0
2022,12,Carolina Panthers,70644.0,1201413,642167.0,559246.0
2022,12,Denver Broncos,70644.0,1251020,607845.0,643175.0
2022,12,Kansas City Chiefs,73557.0,1202995,587997.0,614998.0
2022,12,Las Vegas Raiders,68849.0,1125946,496363.0,629583.0
2022,12,Los Angeles Chargers,63628.0,1175977,559644.0,616333.0
2022,12,New Orleans Saints,71275.0,1168868,621249.0,547619.0
2022,12,Tampa Bay Buccaneers,67431.0,1196168,620898.0,575270.0
2023,12,Atlanta Falcons,70166.0,1176416,556828.0,619588.0
2023,12,Carolina Panthers,62493.0,1163926,573086.0,590840.0
2023,12,Denver Broncos,76261.0,1226925,687498.0,539427.0
2023,12,Kansas City Chiefs,62441.0,1205847,638715.0,567132.0
2023,12,Las Vegas Raiders,62441.0,1111041,559713.0,551328.0
2023,12,Los Angeles Chargers,70240.0,1190939,627632.0,563307.0
2023,12,New Orleans Saints,70166.0,1188849,560164.0,628685.0
2023,12,Tampa Bay Buccaneers,64407.0,1140061,510321.0,629740.0
2024,12,Atlanta Falcons,,1185384,642432.0,542952.0
2024,12,Carolina Panthers,73216.0,1175655,640515.0,535140.0
2024,12,Denver Broncos,62460.0,1142969,515265.0,627704.0
2024,12,Kansas City Chiefs,73216.0,1144982,588837.0,556145.0
2024,12,Las Vegas Raiders,62460.0,1122807,497403.0,625404.0
2024,12,Los Angeles Chargers,70240.0,1170832,559732.0,611100.0
2024,12,New Orleans Saints,,1227161,630113.0,597048.0
2024,12,Tampa Bay Buccaneers,77554.0,1160353,573195.0,587158.0
2015,13,Atlanta Falcons,58221.0,1134671,562845.0,571826.0
2015,13,Carolina Panthers,73097.0,1157689,592454.0,565235.0
2015,13,Denver Broncos,68631.0,1141878,615381.0,526497.0
2015,13,Kansas City Chiefs,55010.0,1130807,602228.0,528579.0
2015,13,New Orleans Saints,73097.0,1135027,584305.0,550722.0
2015,13,Tampa Bay Buccaneers,58221.0,1041376,492460.0,548916.0
2016,13,Atlanta Falcons,69879.0,1116392,559998.0,556394.0
2016,13,Carolina Panthers,69104.0,1159680,590343.0,569337.0
2016,13,Denver Broncos,63075.0,1133943,614193.0,519750.0
2016,13,Kansas City Chiefs,69879.0,1115214,586624.0,528590.0
2016,13,New Orleans Saints,73137.0,1141039,584876.0,556163.0
2016,13,Tampa Bay Buccaneers,53832.0,1054600,484998.0,569602.0
2017,13,Atlanta Falcons,71185.0,1123058,575681.0,547377.0
2017,13,Carolina Panthers,73171.0,1133961,588942.0,545019.0
2017,13,Denver Broncos,65092.0,1106590,610846.0,495744.0
2017,13,Kansas City Chiefs,77562.0,1134166,592851.0,541315.0
2017,13,Los Angeles Chargers,25320.0,783367,202687.0,580680.0
2017,13,New Orleans Saints,73171.0,1146046,585113.0,560933.0
2017,13,Tampa Bay Buccaneers,77684.0,1036961,479618.0,557343.0
2018,13,Atlanta Falcons,72262.0,1119143,583184.0,535959.0
2018,13,Carolina Panthers,52568.0,1102756,590182.0,512574.0
2018,13,Denver Broncos,44392.0,1092324,611571.0,480753.0
2018,13,Kansas City Chiefs,54255.0,1107376,607780.0,499596.0
2018,13,Los Angeles Chargers,61069.0,803556,262145.0,541411.0
2018,13,New Orleans Saints,93004.0,1147700,584411.0,563289.0
2018,13,Tampa Bay Buccaneers,52568.0,999843,434855.0,564988.0
2019,13,Atlanta Falcons,71993.0,1099463,572811.0,526652.0
2019,13,Carolina Panthers,71504.0,1122333,577765.0,544568.0
2019,13,Denver Broncos,74638.0,1104191,607497.0,496694.0
2019,13,Kansas City Chiefs,73548.0,1115771,587723.0,528048.0
2019,13,Los Angeles Chargers,74638.0,760644,254007.0,506637.0
2019,13,New Orleans Saints,71993.0,1117057,584660.0,532397.0
2019,13,Tampa Bay Buccaneers,62633.0,949068,415189.0,533879.0
2020,13,Atlanta Falcons,8713.0,113084,50657.0,62427.0
2020,13,Carolina Panthers,,55958,34229.0,21729.0
2020,13,Denver Broncos,12578.0,47133,21122.0,26011.0
2020,13,Kansas City Chiefs,12578.0,142549,105228.0,37321.0
2020,13,Las Vegas Raiders,,33407,,33407.0
2020,13,Los Angeles Chargers,,38354,,38354.0
2020,13,New Orleans Saints,8713.0,48429,22476.0,25953.0
2020,13,Tampa Bay Buccaneers,,123127,101383.0,21744.0
2021,13,Atlanta Falcons,69366.0,1173982,540764.0,633218.0
2021,13,Carolina Panthers,,1202133,575249.0,626884.0
2021,13,Denver Broncos,73185.0,1243881,686129.0,557752.0
2021,13,Kansas City Chiefs,73185.0,1192945,659044.0,533901.0
2021,13,Las Vegas Raiders,61607.0,1068732,550673.0,518059.0
2021,13,Los Angeles Chargers,51414.0,1153356,632160.0,521196.0
2021,13,New Orleans Saints,69170.0,1117104,519432.0,597672.0
2021,13,Tampa Bay Buccaneers,69366.0,1067169,457325.0,609844.0
2022,13,Atlanta Falcons,70325.0,1167681,626248.0,541433.0
2022,13,Carolina Panthers,,1201413,642167.0,559246.0
2022,13,Denver Broncos,70443.0,1251020,607845.0,643175.0
2022,13,Kansas City Chiefs,66243.0,1202995,587997.0,614998.0
2022,13,Las Vegas Raiders,62123.0,1125946,496363.0,629583.0
2022,13,Los Angeles Chargers,62123.0,1175977,559644.0,616333.0
2022,13,New Orleans Saints,68709.0,1168868,621249.0,547619.0
2022,13,Tampa Bay Buccaneers,68709.0,1196168,620898.0,575270.0
2023,13,Atlanta Falcons,74455.0,1176416,556828.0,619588.0
2023,13,Carolina Panthers,62432.0,1163926,573086.0,590840.0
2023,13,Denver Broncos,71670.0,1226925,687498.0,539427.0
2023,13,Kansas City Chiefs,78124.0,1205847,638715.0,567132.0
2023,13,Las Vegas Raiders,,1111041,559713.0,551328.0
2023,13,Los Angeles Chargers,64628.0,1190939,627632.0,563307.0
2023,13,New Orleans Saints,70003.0,1188849,560164.0,628685.0
2023,13,Tampa Bay Buccaneers,62432.0,1140061,510321.0,629740.0
2024,13,Atlanta Falcons,72139.0,1185384,642432.0,542952.0
2024,13,Carolina Panthers,69214.0,1175655,640515.0,535140.0
2024,13,Denver Broncos,68306.0,1142969,515265.0,627704.0
2024,13,Kansas City Chiefs,73627.0,1144982,588837.0,556145.0
2024,13,Las Vegas Raiders,73627.0,1122807,497403.0,625404.0
2024,13,Los Angeles Chargers,72139.0,1170832,559732.0,611100.0
2024,13,New Orleans Saints,70006.0,1227161,630113.0,597048.0
2024,13,Tampa Bay Buccaneers,69214.0,1160353,573195.0,587158.0
2015,14,Atlanta Falcons,74420.0,1134671,562845.0,571826.0
2015,14,Carolina Panthers,74420.0,1157689,592454.0,565235.0
2015,14,Denver Broncos,76824.0,1141878,615381.0,526497.0
2015,14,Kansas City Chiefs,72314.0,1130807,602228.0,528579.0
2015,14,New Orleans Saints,62138.0,1135027,584305.0,550722.0
2015,14,Tampa Bay Buccaneers,62138.0,1041376,492460.0,548916.0
2016,14,Atlanta Falcons,82495.0,1116392,559998.0,556394.0
2016,14,Carolina Panthers,73856.0,1159680,590343.0,569337.0
2016,14,Denver Broncos,68780.0,1133943,614193.0,519750.0
2016,14,Kansas City Chiefs,75191.0,1115214,586624.0,528590.0
2016,14,New Orleans Saints,62140.0,1141039,584876.0,556163.0
2016,14,Tampa Bay Buccaneers,62140.0,1054600,484998.0,569602.0
2017,14,Atlanta Falcons,72866.0,1123058,575681.0,547377.0
2017,14,Carolina Panthers,73728.0,1133961,588942.0,545019.0
2017,14,Denver Broncos,75518.0,1106590,610846.0,495744.0
2017,14,Kansas City Chiefs,74461.0,1134166,592851.0,541315.0
2017,14,Los Angeles Chargers,25393.0,783367,202687.0,580680.0
2017,14,New Orleans Saints,72866.0,1146046,585113.0,560933.0
2017,14,Tampa Bay Buccaneers,60372.0,1036961,479618.0,557343.0
2018,14,Atlanta Falcons,77329.0,1119143,583184.0,535959.0
2018,14,Carolina Panthers,59392.0,1102756,590182.0,512574.0
2018,14,Denver Broncos,69449.0,1092324,611571.0,480753.0
2018,14,Kansas City Chiefs,74336.0,1107376,607780.0,499596.0
2018,14,Los Angeles Chargers,25358.0,803556,262145.0,541411.0
2018,14,New Orleans Saints,53495.0,1147700,584411.0,563289.0
2018,14,Tampa Bay Buccaneers,53495.0,999843,434855.0,564988.0
2019,14,Atlanta Falcons,70592.0,1099463,572811.0,526652.0
2019,14,Carolina Panthers,70592.0,1122333,577765.0,544568.0
2019,14,Denver Broncos,71769.0,1104191,607497.0,496694.0
2019,14,Kansas City Chiefs,65878.0,1115771,587723.0,528048.0
2019,14,Los Angeles Chargers,57866.0,760644,254007.0,506637.0
2019,14,New Orleans Saints,73038.0,1117057,584660.0,532397.0
2019,14,Tampa Bay Buccaneers,50232.0,949068,415189.0,533879.0
2020,14,Atlanta Falcons,,113084,50657.0,62427.0
2020,14,Carolina Panthers,5768.0,55958,34229.0,21729.0
2020,14,Denver Broncos,5768.0,47133,21122.0,26011.0
2020,14,Kansas City Chiefs,13057.0,142549,105228.0,37321.0
2020,14,Las Vegas Raiders,,33407,,33407.0
2020,14,Los Angeles Chargers,,38354,,38354.0
2020,14,New Orleans Saints,,48429,22476.0,25953.0
2020,14,Tampa Bay Buccaneers,16031.0,123127,101383.0,21744.0
2021,14,Atlanta Falcons,72243.0,1173982,540764.0,633218.0
2021,14,Carolina Panthers,72243.0,1202133,575249.0,626884.0
2021,14,Denver Broncos,76211.0,1243881,686129.0,557752.0
2021,14,Kansas City Chiefs,73278.0,1192945,659044.0,533901.0
2021,14,Las Vegas Raiders,73278.0,1068732,550673.0,518059.0
2021,14,Los Angeles Chargers,70240.0,1153356,632160.0,521196.0
2021,14,New Orleans Saints,69129.0,1117104,519432.0,597672.0
2021,14,Tampa Bay Buccaneers,,1067169,457325.0,609844.0
2022,14,Atlanta Falcons,,1167681,626248.0,541433.0
2022,14,Carolina Panthers,68672.0,1201413,642167.0,559246.0
2022,14,Denver Broncos,76072.0,1251020,607845.0,643175.0
2022,14,Kansas City Chiefs,76072.0,1202995,587997.0,614998.0
2022,14,Las Vegas Raiders,74738.0,1125946,496363.0,629583.0
2022,14,Los Angeles Chargers,70240.0,1175977,559644.0,616333.0
2022,14,New Orleans Saints,,1168868,621249.0,547619.0
2022,14,Tampa Bay Buccaneers,71725.0,1196168,620898.0,575270.0
2023,14,Atlanta Falcons,69496.0,1176416,556828.0,619588.0
2023,14,Carolina Panthers,70009.0,1163926,573086.0,590840.0
2023,14,Denver Broncos,70240.0,1226925,687498.0,539427.0
2023,14,Kansas City Chiefs,73639.0,1205847,638715.0,567132.0
2023,14,Las Vegas Raiders,62626.0,1111041,559713.0,551328.0
2023,14,Los Angeles Chargers,70240.0,1190939,627632.0,563307.0
2023,14,New Orleans Saints,70009.0,1188849,560164.0,628685.0
2023,14,Tampa Bay Buccaneers,69496.0,1140061,510321.0,629740.0
2024,14,Atlanta Falcons,67008.0,1185384,642432.0,542952.0
2024,14,Carolina Panthers,69879.0,1175655,640515.0,535140.0
2024,14,Denver Broncos,,1142969,515265.0,627704.0
2024,14,Kansas City Chiefs,73571.0,1144982,588837.0,556145.0
2024,14,Las Vegas Raiders,63250.0,1122807,497403.0,625404.0
2024,14,Los Angeles Chargers,73571.0,1170832,559732.0,611100.0
2024,14,New Orleans Saints,76143.0,1227161,630113.0,597048.0
2024,14,Tampa Bay Buccaneers,63250.0,1160353,573195.0,587158.0
2015,15,Atlanta Falcons,64016.0,1134671,562845.0,571826.0
2015,15,Carolina Panthers,79436.0,1157689,592454.0,565235.0
2015,15,Denver Broncos,67234.0,1141878,615381.0,526497.0
2015,15,Kansas City Chiefs,70791.0,1130807,602228.0,528579.0
2015,15,New Orleans Saints,73017.0,1135027,584305.0,550722.0
2015,15,Tampa Bay Buccaneers,51295.0,1041376,492460.0,548916.0
2016,15,Atlanta Falcons,70164.0,1116392,559998.0,556394.0
2016,15,Carolina Panthers,76689.0,1159680,590343.0,569337.0
2016,15,Denver Broncos,76893.0,1133943,614193.0,519750.0
2016,15,Kansas City Chiefs,68084.0,1115214,586624.0,528590.0
2016,15,New Orleans Saints,65072.0,1141039,584876.0,556163.0
2016,15,Tampa Bay Buccaneers,93101.0,1054600,484998.0,569602.0
2017,15,Atlanta Falcons,62382.0,1123058,575681.0,547377.0
2017,15,Carolina Panthers,74447.0,1133961,588942.0,545019.0
2017,15,Denver Broncos,63411.0,1106590,610846.0,495744.0
2017,15,Kansas City Chiefs,75011.0,1134166,592851.0,541315.0
2017,15,Los Angeles Chargers,75011.0,783367,202687.0,580680.0
2017,15,New Orleans Saints,73018.0,1146046,585113.0,560933.0
2017,15,Tampa Bay Buccaneers,62382.0,1036961,479618.0,557343.0
2018,15,Atlanta Falcons,72084.0,1119143,583184.0,535959.0
2018,15,Carolina Panthers,74188.0,1102756,590182.0,512574.0
2018,15,Denver Broncos,76596.0,1092324,611571.0,480753.0
2018,15,Kansas City Chiefs,75091.0,1107376,607780.0,499596.0
2018,15,Los Angeles Chargers,75091.0,803556,262145.0,541411.0
2018,15,New Orleans Saints,74188.0,1147700,584411.0,563289.0
2018,15,Tampa Bay Buccaneers,70031.0,999843,434855.0,564988.0
2019,15,Atlanta Falcons,70910.0,1099463,572811.0,526652.0
2019,15,Carolina Panthers,72544.0,1122333,577765.0,544568.0
2019,15,Denver Broncos,73257.0,1104191,607497.0,496694.0
2019,15,Kansas City Chiefs,73257.0,1115771,587723.0,528048.0
2019,15,Los Angeles Chargers,25446.0,760644,254007.0,506637.0
2019,15,New Orleans Saints,73053.0,1117057,584660.0,532397.0
2019,15,Tampa Bay Buccaneers,56515.0,949068,415189.0,533879.0
2020,15,Atlanta Falcons,10703.0,113084,50657.0,62427.0
2020,15,Carolina Panthers,,55958,34229.0,21729.0
2020,15,Denver Broncos,,47133,21122.0,26011.0
2020,15,Kansas City Chiefs,3000.0,142549,105228.0,37321.0
2020,15,Las Vegas Raiders,,33407,,33407.0
2020,15,Los Angeles Chargers,,38354,,38354.0
2020,15,New Orleans Saints,3000.0,48429,22476.0,25953.0
2020,15,Tampa Bay Buccaneers,10703.0,123127,101383.0,21744.0
2021,15,Atlanta Falcons,71650.0,1173982,540764.0,633218.0
2021,15,Carolina Panthers,65398.0,1202133,575249.0,626884.0
2021,15,Denver Broncos,76134.0,1243881,686129.0,557752.0
2021,15,Kansas City Chiefs,70240.0,1192945,659044.0,533901.0
2021,15,Las Vegas Raiders,,1068732,550673.0,518059.0
2021,15,Los Angeles Chargers,70240.0,1153356,632160.0,521196.0
2021,15,New Orleans Saints,65744.0,1117104,519432.0,597672.0
2021,15,Tampa Bay Buccaneers,65744.0,1067169,457325.0,609844.0
2022,15,Atlanta Falcons,70041.0,1167681,626248.0,541433.0
2022,15,Carolina Panthers,73548.0,1201413,642167.0,559246.0
2022,15,Denver Broncos,75179.0,1251020,607845.0,643175.0
2022,15,Kansas City Chiefs,70541.0,1202995,587997.0,614998.0
2022,15,Las Vegas Raiders,62273.0,1125946,496363.0,629583.0
2022,15,Los Angeles Chargers,70240.0,1175977,559644.0,616333.0
2022,15,New Orleans Saints,70041.0,1168868,621249.0,547619.0
2022,15,Tampa Bay Buccaneers,69305.0,1196168,620898.0,575270.0
2023,15,Atlanta Falcons,70301.0,1176416,556828.0,619588.0
2023,15,Carolina Panthers,70301.0,1163926,573086.0,590840.0
2023,15,Denver Broncos,64500.0,1226925,687498.0,539427.0
2023,15,Kansas City Chiefs,64628.0,1205847,638715.0,567132.0
2023,15,Las Vegas Raiders,61654.0,1111041,559713.0,551328.0
2023,15,Los Angeles Chargers,61654.0,1190939,627632.0,563307.0
2023,15,New Orleans Saints,70038.0,1188849,560164.0,628685.0
2023,15,Tampa Bay Buccaneers,77275.0,1140061,510321.0,629740.0
2024,15,Atlanta Falcons,62364.0,1185384,642432.0,542952.0
2024,15,Carolina Panthers,70570.0,1175655,640515.0,535140.0
2024,15,Denver Broncos,76496.0,1142969,515265.0,627704.0
2024,15,Kansas City Chiefs,67983.0,1144982,588837.0,556145.0
2024,15,Las Vegas Raiders,62364.0,1122807,497403.0,625404.0
2024,15,Los Angeles Chargers,69496.0,1170832,559732.0,611100.0
2024,15,New Orleans Saints,70003.0,1227161,630113.0,597048.0
2024,15,Tampa Bay Buccaneers,69496.0,1160353,573195.0,587158.0
2015,16,Atlanta Falcons,70981.0,1134671,562845.0,571826.0
2015,16,Carolina Panthers,70981.0,1157689,592454.0,565235.0
2015,16,Denver Broncos,76868.0,1141878,615381.0,526497.0
2015,16,Kansas City Chiefs,69115.0,1130807,602228.0,528579.0
2015,16,New Orleans Saints,73064.0,1135027,584305.0,550722.0
2015,16,Tampa Bay Buccaneers,63734.0,1041376,492460.0,548916.0
2016,16,Atlanta Falcons,73549.0,1116392,559998.0,556394.0
2016,16,Carolina Panthers,73549.0,1159680,590343.0,569337.0
2016,16,Denver Broncos,76671.0,1133943,614193.0,519750.0
2016,16,Kansas City Chiefs,76671.0,1115214,586624.0,528590.0
2016,16,New Orleans Saints,73177.0,1141039,584876.0,556163.0
2016,16,Tampa Bay Buccaneers,73177.0,1054600,484998.0,569602.0
2017,16,Atlanta Falcons,73188.0,1123058,575681.0,547377.0
2017,16,Carolina Panthers,71463.0,1133961,588942.0,545019.0
2017,16,Denver Broncos,72889.0,1106590,610846.0,495744.0
2017,16,Kansas City Chiefs,65325.0,1134166,592851.0,541315.0
2017,16,Los Angeles Chargers,77562.0,783367,202687.0,580680.0
2017,16,New Orleans Saints,73188.0,1146046,585113.0,560933.0
2017,16,Tampa Bay Buccaneers,71463.0,1036961,479618.0,557343.0
2018,16,Atlanta Falcons,73722.0,1119143,583184.0,535959.0
2018,16,Carolina Panthers,73722.0,1102756,590182.0,512574.0
2018,16,Denver Broncos,53850.0,1092324,611571.0,480753.0
2018,16,Kansas City Chiefs,69067.0,1107376,607780.0,499596.0
2018,16,Los Angeles Chargers,25571.0,803556,262145.0,541411.0
2018,16,New Orleans Saints,73086.0,1147700,584411.0,563289.0
2018,16,Tampa Bay Buccaneers,92851.0,999843,434855.0,564988.0
2019,16,Atlanta Falcons,70873.0,1099463,572811.0,526652.0
2019,16,Carolina Panthers,61845.0,1122333,577765.0,544568.0
2019,16,Denver Broncos,74115.0,1104191,607497.0,496694.0
2019,16,Kansas City Chiefs,62213.0,1115771,587723.0,528048.0
2019,16,Los Angeles Chargers,25380.0,760644,254007.0,506637.0
2019,16,New Orleans Saints,66756.0,1117057,584660.0,532397.0
2019,16,Tampa Bay Buccaneers,49036.0,949068,415189.0,533879.0
2020,16,Atlanta Falcons,13470.0,113084,50657.0,62427.0
2020,16,Carolina Panthers,,55958,34229.0,21729.0
2020,16,Denver Broncos,,47133,21122.0,26011.0
2020,16,Kansas City Chiefs,13470.0,142549,105228.0,37321.0
2020,16,Las Vegas Raiders,,33407,,33407.0
2020,16,Los Angeles Chargers,,38354,,38354.0
2020,16,New Orleans Saints,3000.0,48429,22476.0,25953.0
2020,16,Tampa Bay Buccaneers,,123127,101383.0,21744.0
2021,16,Atlanta Falcons,68638.0,1173982,540764.0,633218.0
2021,16,Carolina Panthers,71918.0,1202133,575249.0,626884.0
2021,16,Denver Broncos,60972.0,1243881,686129.0,557752.0
2021,16,Kansas City Chiefs,73371.0,1192945,659044.0,533901.0
2021,16,Las Vegas Raiders,60972.0,1068732,550673.0,518059.0
2021,16,Los Angeles Chargers,65674.0,1153356,632160.0,521196.0
2021,16,New Orleans Saints,69170.0,1117104,519432.0,597672.0
2021,16,Tampa Bay Buccaneers,71918.0,1067169,457325.0,609844.0
2022,16,Atlanta Falcons,70467.0,1167681,626248.0,541433.0
2022,16,Carolina Panthers,69173.0,1201413,642167.0,559246.0
2022,16,Denver Broncos,71525.0,1251020,607845.0,643175.0
2022,16,Kansas City Chiefs,73331.0,1202995,587997.0,614998.0
2022,16,Las Vegas Raiders,64761.0,1125946,496363.0,629583.0
2022,16,Los Angeles Chargers,65576.0,1175977,559644.0,616333.0
2022,16,New Orleans Saints,67431.0,1168868,621249.0,547619.0
2022,16,Tampa Bay Buccaneers,63393.0,1196168,620898.0,575270.0
2023,16,Atlanta Falcons,69221.0,1176416,556828.0,619588.0
2023,16,Carolina Panthers,70875.0,1163926,573086.0,590840.0
2023,16,Denver Broncos,76201.0,1226925,687498.0,539427.0
2023,16,Kansas City Chiefs,73480.0,1205847,638715.0,567132.0
2023,16,Las Vegas Raiders,73480.0,1111041,559713.0,551328.0
2023,16,Los Angeles Chargers,67678.0,1190939,627632.0,563307.0
2023,16,New Orleans Saints,73228.0,1188849,560164.0,628685.0
2023,16,Tampa Bay Buccaneers,62547.0,1140061,510321.0,629740.0
2024,16,Atlanta Falcons,70404.0,1185384,642432.0,542952.0
2024,16,Carolina Panthers,68804.0,1175655,640515.0,535140.0
2024,16,Denver Broncos,70240.0,1142969,515265.0,627704.0
2024,16,Kansas City Chiefs,73600.0,1144982,588837.0,556145.0
2024,16,Las Vegas Raiders,61323.0,1122807,497403.0,625404.0
2024,16,Los Angeles Chargers,70240.0,1170832,559732.0,611100.0
2024,16,New Orleans Saints,77885.0,1227161,630113.0,597048.0
2024,16,Tampa Bay Buccaneers,93103.0,1160353,573195.0,587158.0
2015,17,Atlanta Falcons,69699.0,1134671,562845.0,571826.0
2015,17,Carolina Panthers,74169.0,1157689,592454.0,565235.0
2015,17,Denver Broncos,76844.0,1141878,615381.0,526497.0
2015,17,Kansas City Chiefs,76114.0,1130807,602228.0,528579.0
2015,17,New Orleans Saints,69699.0,1135027,584305.0,550722.0
2015,17,Tampa Bay Buccaneers,74169.0,1041376,492460.0,548916.0
2016,17,Atlanta Falcons,70835.0,1116392,559998.0,556394.0
2016,17,Carolina Panthers,62037.0,1159680,590343.0,569337.0
2016,17,Denver Broncos,76836.0,1133943,614193.0,519750.0
2016,17,Kansas City Chiefs,54915.0,1115214,586624.0,528590.0
2016,17,New Orleans Saints,70835.0,1141039,584876.0,556163.0
2016,17,Tampa Bay Buccaneers,62037.0,1054600,484998.0,569602.0
2017,17,Atlanta Falcons,74141.0,1123058,575681.0,547377.0
2017,17,Carolina Panthers,74141.0,1133961,588942.0,545019.0
2017,17,Denver Broncos,75928.0,1106590,610846.0,495744.0
2017,17,Kansas City Chiefs,75928.0,1134166,592851.0,541315.0
2017,17,Los Angeles Chargers,25430.0,783367,202687.0,580680.0
2017,17,New Orleans Saints,55376.0,1146046,585113.0,560933.0
2017,17,Tampa Bay Buccaneers,55376.0,1036961,479618.0,557343.0
2018,17,Atlanta Falcons,52884.0,1119143,583184.0,535959.0
2018,17,Carolina Panthers,73028.0,1102756,590182.0,512574.0
2018,17,Denver Broncos,75947.0,1092324,611571.0,480753.0
2018,17,Kansas City Chiefs,77550.0,1107376,607780.0,499596.0
2018,17,Los Angeles Chargers,75947.0,803556,262145.0,541411.0
2018,17,New Orleans Saints,73028.0,1147700,584411.0,563289.0
2018,17,Tampa Bay Buccaneers,52884.0,999843,434855.0,564988.0
2019,17,Atlanta Falcons,50417.0,1099463,572811.0,526652.0
2019,17,Carolina Panthers,72203.0,1122333,577765.0,544568.0
2019,17,Denver Broncos,76334.0,1104191,607497.0,496694.0
2019,17,Kansas City Chiefs,73680.0,1115771,587723.0,528048.0
2019,17,Los Angeles Chargers,73680.0,760644,254007.0,506637.0
2019,17,New Orleans Saints,72203.0,1117057,584660.0,532397.0
2019,17,Tampa Bay Buccaneers,50417.0,949068,415189.0,533879.0
2020,17,Atlanta Falcons,16009.0,113084,50657.0,62427.0
2020,17,Carolina Panthers,1500.0,55958,34229.0,21729.0
2020,17,Denver Broncos,,47133,21122.0,26011.0
2020,17,Kansas City Chiefs,13240.0,142549,105228.0,37321.0
2020,17,Las Vegas Raiders,,33407,,33407.0
2020,17,Los Angeles Chargers,13240.0,38354,,38354.0
2020,17,New Orleans Saints,1500.0,48429,22476.0,25953.0
2020,17,Tampa Bay Buccaneers,16009.0,123127,101383.0,21744.0
2021,17,Atlanta Falcons,64948.0,1173982,540764.0,633218.0
2021,17,Carolina Panthers,69170.0,1202133,575249.0,626884.0
2021,17,Denver Broncos,70240.0,1243881,686129.0,557752.0
2021,17,Kansas City Chiefs,64505.0,1192945,659044.0,533901.0
2021,17,Las Vegas Raiders,65985.0,1068732,550673.0,518059.0
2021,17,Los Angeles Chargers,70240.0,1153356,632160.0,521196.0
2021,17,New Orleans Saints,69170.0,1117104,519432.0,597672.0
2021,17,Tampa Bay Buccaneers,72243.0,1067169,457325.0,609844.0
2022,17,Atlanta Falcons,69269.0,1167681,626248.0,541433.0
2022,17,Carolina Panthers,69298.0,1201413,642167.0,559246.0
2022,17,Denver Broncos,73571.0,1251020,607845.0,643175.0
2022,17,Kansas City Chiefs,73571.0,1202995,587997.0,614998.0
2022,17,Las Vegas Raiders,62367.0,1125946,496363.0,629583.0
2022,17,Los Angeles Chargers,70240.0,1175977,559644.0,616333.0
2022,17,New Orleans Saints,69796.0,1168868,621249.0,547619.0
2022,17,Tampa Bay Buccaneers,69298.0,1196168,620898.0,575270.0
2023,17,Atlanta Falcons,61752.0,1176416,556828.0,619588.0
2023,17,Carolina Panthers,67233.0,1163926,573086.0,590840.0
2023,17,Denver Broncos,76228.0,1226925,687498.0,539427.0
2023,17,Kansas City Chiefs,73565.0,1205847,638715.0,567132.0
2023,17,Las Vegas Raiders,65538.0,1111041,559713.0,551328.0
2023,17,Los Angeles Chargers,76228.0,1190939,627632.0,563307.0
2023,17,New Orleans Saints,65741.0,1188849,560164.0,628685.0
2023,17,Tampa Bay Buccaneers,65741.0,1140061,510321.0,629740.0
2024,17,Atlanta Falcons,63480.0,1185384,642432.0,542952.0
2024,17,Carolina Panthers,64434.0,1175655,640515.0,535140.0
2024,17,Denver Broncos,66546.0,1142969,515265.0,627704.0
2024,17,Kansas City Chiefs,67311.0,1144982,588837.0,556145.0
2024,17,Las Vegas Raiders,70031.0,1122807,497403.0,625404.0
2024,17,Los Angeles Chargers,64628.0,1170832,559732.0,611100.0
2024,17,New Orleans Saints,70031.0,1227161,630113.0,597048.0
2024,17,Tampa Bay Buccaneers,64434.0,1160353,573195.0,587158.0
2015,18,Atlanta Falcons,,1134671,562845.0,571826.0
2015,18,Carolina Panthers,,1157689,592454.0,565235.0
2015,18,Denver Broncos,,1141878,615381.0,526497.0
2015,18,Kansas City Chiefs,,1130807,602228.0,528579.0
2015,18,New Orleans Saints,,1135027,584305.0,550722.0
2015,18,Tampa Bay Buccaneers,,1041376,492460.0,548916.0
2016,18,Atlanta Falcons,,1116392,559998.0,556394.0
2016,18,Carolina Panthers,,1159680,590343.0,569337.0
2016,18,Denver Broncos,,1133943,614193.0,519750.0
2016,18,Kansas City Chiefs,,1115214,586624.0,528590.0
2016,18,New Orleans Saints,,1141039,584876.0,556163.0
2016,18,Tampa Bay Buccaneers,,1054600,484998.0,569602.0
2017,18,Atlanta Falcons,,1123058,575681.0,547377.0
2017,18,Carolina Panthers,,1133961,588942.0,545019.0
2017,18,Denver Broncos,,1106590,610846.0,495744.0
2017,18,Kansas City Chiefs,,1134166,592851.0,541315.0
2017,18,Los Angeles Chargers,,783367,202687.0,580680.0
2017,18,New Orleans Saints,,1146046,585113.0,560933.0
2017,18,Tampa Bay Buccaneers,,1036961,479618.0,557343.0
2018,18,Atlanta Falcons,,1119143,583184.0,535959.0
2018,18,Carolina Panthers,,1102756,590182.0,512574.0
2018,18,Denver Broncos,,1092324,611571.0,480753.0
2018,18,Kansas City Chiefs,,1107376,607780.0,499596.0
2018,18,Los Angeles Chargers,,803556,262145.0,541411.0
2018,18,New Orleans Saints,,1147700,584411.0,563289.0
2018,18,Tampa Bay Buccaneers,,999843,434855.0,564988.0
2019,18,Atlanta Falcons,,1099463,572811.0,526652.0
2019,18,Carolina Panthers,,1122333,577765.0,544568.0
2019,18,Denver Broncos,,1104191,607497.0,496694.0
2019,18,Kansas City Chiefs,,1115771,587723.0,528048.0
2019,18,Los Angeles Chargers,,760644,254007.0,506637.0
2019,18,New Orleans Saints,,1117057,584660.0,532397.0
2019,18,Tampa Bay Buccaneers,,949068,415189.0,533879.0
2020,18,Atlanta Falcons,,113084,50657.0,62427.0
2020,18,Carolina Panthers,,55958,34229.0,21729.0
2020,18,Denver Broncos,,47133,21122.0,26011.0
2020,18,Kansas City Chiefs,,142549,105228.0,37321.0
2020,18,Las Vegas Raiders,,33407,,33407.0
2020,18,Los Angeles Chargers,,38354,,38354.0
2020,18,New Orleans Saints,,48429,22476.0,25953.0
2020,18,Tampa Bay Buccaneers,,123127,101383.0,21744.0
2021,18,Atlanta Falcons,68336.0,1173982,540764.0,633218.0
2021,18,Carolina Panthers,65473.0,1202133,575249.0,626884.0
2021,18,Denver Broncos,76012.0,1243881,686129.0,557752.0
2021,18,Kansas City Chiefs,76012.0,1192945,659044.0,533901.0
2021,18,Las Vegas Raiders,62068.0,1068732,550673.0,518059.0
2021,18,Los Angeles Chargers,62068.0,1153356,632160.0,521196.0
2021,18,New Orleans Saints,68336.0,1117104,519432.0,597672.0
2021,18,Tampa Bay Buccaneers,65473.0,1067169,457325.0,609844.0
2022,18,Atlanta Falcons,69276.0,1167681,626248.0,541433.0
2022,18,Carolina Panthers,70118.0,1201413,642167.0,559246.0
2022,18,Denver Broncos,74035.0,1251020,607845.0,643175.0
2022,18,Kansas City Chiefs,62136.0,1202995,587997.0,614998.0
2022,18,Las Vegas Raiders,62136.0,1125946,496363.0,629583.0
2022,18,Los Angeles Chargers,74035.0,1175977,559644.0,616333.0
2022,18,New Orleans Saints,70118.0,1168868,621249.0,547619.0
2022,18,Tampa Bay Buccaneers,69276.0,1196168,620898.0,575270.0
2023,18,Atlanta Falcons,70072.0,1176416,556828.0,619588.0
2023,18,Carolina Panthers,69010.0,1163926,573086.0,590840.0
2023,18,Denver Broncos,61429.0,1226925,687498.0,539427.0
2023,18,Kansas City Chiefs,68274.0,1205847,638715.0,567132.0
2023,18,Las Vegas Raiders,61429.0,1111041,559713.0,551328.0
2023,18,Los Angeles Chargers,68274.0,1190939,627632.0,563307.0
2023,18,New Orleans Saints,70072.0,1188849,560164.0,628685.0
2023,18,Tampa Bay Buccaneers,69010.0,1140061,510321.0,629740.0
2024,18,Atlanta Falcons,69581.0,1185384,642432.0,542952.0
2024,18,Carolina Panthers,69581.0,1175655,640515.0,535140.0
2024,18,Denver Broncos,,1142969,515265.0,627704.0
2024,18,Kansas City Chiefs,,1144982,588837.0,556145.0
2024,18,Las Vegas Raiders,61352.0,1122807,497403.0,625404.0
2024,18,Los Angeles Chargers,61352.0,1170832,559732.0,611100.0
2024,18,New Orleans Saints,63001.0,1227161,630113.0,597048.0
2024,18,Tampa Bay Buccaneers,63001.0,1160353,573195.0,587158.0
