Tm,Total,Home,Away,Week 1,Week 2,Week 3,Week 4,Week 5,Week 6,Week 7,Week 8,Week 9,Week 10,Week 11,Week 12,Week 13,Week 14,Week 15,Week 16,Week 17,season,Week 18
Arizona Cardinals,1028446,513487.0,514959.0,62903.0,62351.0,63663.0,63146.0,60816.0,63846.0,64722.0,67431.0,,69005.0,64745.0,70799.0,51115.0,64784.0,69596.0,64878.0,64646.0,2015,
Atlanta Falcons,1134671,562845.0,571826.0,70516.0,77678.0,90345.0,69904.0,70178.0,73018.0,63329.0,70524.0,70799.0,,70433.0,70610.0,58221.0,74420.0,64016.0,70981.0,69699.0,2015,
Baltimore Ravens,1083919,568018.0,515901.0,76798.0,53500.0,70970.0,63929.0,71046.0,70799.0,64722.0,70829.0,,70837.0,71105.0,64380.0,64519.0,71179.0,70791.0,71261.0,57254.0,2015,
Buffalo Bills,1140809,559047.0,581762.0,70319.0,70858.0,64869.0,70677.0,65670.0,69593.0,84021.0,,70214.0,78160.0,66829.0,72493.0,68544.0,69596.0,80124.0,70172.0,68670.0,2015,
Carolina Panthers,1157689,592454.0,565235.0,60733.0,73254.0,73402.0,57468.0,,69020.0,74194.0,74136.0,74461.0,63591.0,74418.0,90909.0,73097.0,74420.0,79436.0,70981.0,74169.0,2015,
Chicago Bears,1020065,496287.0,523778.0,62442.0,62351.0,69002.0,62409.0,75799.0,57648.0,,62311.0,68033.0,58653.0,62483.0,78488.0,62088.0,61026.0,52421.0,63734.0,61177.0,2015,
Cincinnati Bengals,1028118,491118.0,537000.0,54500.0,57579.0,70970.0,57498.0,65004.0,69593.0,,64750.0,65816.0,61381.0,64745.0,61022.0,64775.0,65564.0,70799.0,76868.0,57254.0,2015,
Cleveland Browns,1062262,529488.0,532774.0,78160.0,67431.0,67431.0,63710.0,71046.0,67431.0,51523.0,67431.0,65816.0,64402.0,,64380.0,64775.0,63916.0,69002.0,69115.0,66693.0,2015,
Dallas Cowboys,1312509,731672.0,580837.0,93579.0,69296.0,90345.0,73009.0,93054.0,,80319.0,91486.0,91827.0,64113.0,65115.0,90909.0,80444.0,78369.0,90345.0,70172.0,90127.0,2015,
Denver Broncos,1141878,615381.0,526497.0,76798.0,76404.0,62920.0,77029.0,54500.0,67431.0,,77075.0,66894.0,76973.0,62483.0,76970.0,68631.0,76824.0,67234.0,76868.0,76844.0,2015,
Detroit Lions,1025745,490782.0,534963.0,66093.0,52319.0,62920.0,69005.0,60816.0,57648.0,60231.0,83624.0,,78526.0,60202.0,64445.0,63207.0,51202.0,73017.0,61313.0,61177.0,2015,
Green Bay Packers,1147786,627308.0,520478.0,62442.0,78433.0,78214.0,70799.0,78432.0,78434.0,,77075.0,74461.0,78526.0,52529.0,78488.0,63207.0,78369.0,55087.0,64878.0,78412.0,2015,
Houston Texans,1098814,574159.0,524655.0,71776.0,73254.0,71718.0,69904.0,71732.0,58085.0,65251.0,71630.0,,61381.0,71718.0,71778.0,68544.0,71908.0,66083.0,62153.0,71899.0,2015,
Indianapolis Colts,1067476,528381.0,539095.0,70319.0,65220.0,65920.0,65609.0,71732.0,66726.0,66420.0,74136.0,66894.0,,70433.0,65696.0,58701.0,62372.0,66083.0,65482.0,65733.0,2015,
Jacksonville Jaguars,1056511,514268.0,542243.0,60733.0,65443.0,66829.0,65609.0,58490.0,58085.0,84021.0,,78160.0,70837.0,60121.0,59477.0,57355.0,62372.0,64016.0,73064.0,71899.0,2015,
Kansas City Chiefs,1130807,602228.0,528579.0,71776.0,76404.0,78214.0,57498.0,75799.0,52480.0,76365.0,83624.0,,76973.0,65837.0,72493.0,55010.0,72314.0,70791.0,69115.0,76114.0,2015,
Miami Dolphins,1093320,537548.0,555772.0,76512.0,65443.0,64869.0,83986.0,,62342.0,65251.0,66829.0,70214.0,69596.0,65115.0,78160.0,64519.0,65408.0,66676.0,65482.0,62918.0,2015,
Minnesota Vikings,958016,419440.0,538576.0,70499.0,52319.0,52400.0,77029.0,,52480.0,60231.0,62311.0,52406.0,54700.0,52529.0,70610.0,52430.0,64784.0,52421.0,52455.0,78412.0,2015,
New England Patriots,1136287,534632.0,601655.0,66829.0,70858.0,66829.0,,93054.0,66726.0,66829.0,66829.0,66829.0,81061.0,66829.0,76970.0,66829.0,71908.0,66829.0,78160.0,62918.0,2015,
New Orleans Saints,1135027,584305.0,550722.0,62903.0,73006.0,73402.0,73009.0,69296.0,73018.0,66420.0,73019.0,73075.0,75086.0,,71778.0,73097.0,62138.0,73017.0,73064.0,69699.0,2015,
New York Giants,1198163,632011.0,566152.0,93579.0,77678.0,76081.0,70677.0,78515.0,69296.0,80319.0,73019.0,64351.0,81061.0,,77367.0,80898.0,65408.0,79436.0,52455.0,78023.0,2015,
New York Jets,1207646,625280.0,582366.0,78160.0,65220.0,78160.0,83986.0,,78160.0,66829.0,54700.0,78160.0,78160.0,71718.0,78160.0,80898.0,78160.0,90345.0,78160.0,68670.0,2015,
Oakland Raiders,970514,436397.0,534117.0,54500.0,53500.0,67431.0,62409.0,54500.0,,67542.0,54700.0,65520.0,54700.0,60202.0,58075.0,55010.0,76824.0,55087.0,54400.0,76114.0,2015,
Philadelphia Eagles,1154629,555868.0,598761.0,70516.0,69296.0,78160.0,74767.0,69296.0,69296.0,74194.0,,91827.0,69596.0,69596.0,64445.0,66829.0,69596.0,69596.0,69596.0,78023.0,2015,
Pittsburgh Steelers,1050712,514854.0,535858.0,66829.0,66472.0,52433.0,63929.0,67658.0,63846.0,76365.0,64750.0,65520.0,64402.0,,69055.0,58701.0,65564.0,67234.0,71261.0,66693.0,2015,
San Diego Chargers,1056457,534180.0,522277.0,66093.0,57579.0,52400.0,63710.0,67658.0,78434.0,67542.0,70829.0,68033.0,,65837.0,59477.0,68631.0,72314.0,66676.0,54400.0,76844.0,2015,
San Francisco 49ers,1082259,566092.0,516167.0,70499.0,66472.0,63663.0,70799.0,78515.0,70799.0,70799.0,51207.0,70799.0,,68993.0,70799.0,62088.0,63916.0,70799.0,61313.0,70799.0,2015,
Seattle Seahawks,1097931,552162.0,545769.0,51792.0,78433.0,69002.0,69005.0,65004.0,69020.0,70799.0,91486.0,,69005.0,68993.0,69055.0,52430.0,71179.0,69002.0,69080.0,64646.0,2015,
St. Louis Rams,957670,419220.0,538450.0,51792.0,72460.0,52433.0,63146.0,78432.0,,51523.0,51207.0,52406.0,58653.0,71105.0,61022.0,51115.0,51202.0,51295.0,69080.0,70799.0,2015,
Tampa Bay Buccaneers,1041376,492460.0,548916.0,63945.0,73006.0,71718.0,57468.0,58490.0,,72912.0,70524.0,64351.0,64113.0,69596.0,65696.0,58221.0,62138.0,51295.0,63734.0,74169.0,2015,
Tennessee Titans,1045359,498435.0,546924.0,63945.0,67431.0,65920.0,,65670.0,62342.0,63329.0,71630.0,73075.0,63591.0,60121.0,58075.0,57355.0,78160.0,66829.0,62153.0,65733.0,2015,
Washington Redskins,1196087,609672.0,586415.0,76512.0,72460.0,76081.0,74767.0,70178.0,78160.0,72912.0,,66829.0,75086.0,74418.0,77367.0,80444.0,61026.0,80124.0,69596.0,90127.0,2015,
Arizona Cardinals,1083135,518652.0,564483.0,64864.0,64230.0,68647.0,64622.0,70178.0,64709.0,65089.0,74088.0,,65127.0,66808.0,69233.0,64939.0,65750.0,65072.0,69050.0,80729.0,2016,
Atlanta Falcons,1116392,559998.0,556394.0,69382.0,54081.0,73003.0,70508.0,76802.0,69071.0,69832.0,70165.0,57797.0,69596.0,,69233.0,69879.0,82495.0,70164.0,73549.0,70835.0,2016,
Baltimore Ravens,1134133,568823.0,565310.0,71104.0,67431.0,60127.0,71152.0,71318.0,78487.0,78160.0,,71286.0,70921.0,93056.0,70903.0,70916.0,66829.0,71223.0,66276.0,54944.0,2016,
Buffalo Bills,1098702,548073.0,550629.0,71104.0,70256.0,68647.0,66829.0,83679.0,70003.0,65658.0,70442.0,69084.0,,61356.0,67849.0,54759.0,69657.0,66529.0,64690.0,78160.0,2016,
Carolina Panthers,1159680,590343.0,569337.0,76843.0,74143.0,73813.0,70508.0,73425.0,73138.0,,74088.0,86109.0,74181.0,73288.0,54909.0,69104.0,73856.0,76689.0,73549.0,62037.0,2016,
Chicago Bears,1060607,482951.0,577656.0,71933.0,62268.0,90554.0,60841.0,66622.0,61054.0,78217.0,60422.0,,62898.0,78898.0,59494.0,59782.0,61726.0,61137.0,57953.0,66808.0,2016,
Cincinnati Bengals,1088770,508071.0,580699.0,78160.0,65072.0,63850.0,60834.0,91653.0,66829.0,65047.0,84488.0,,76218.0,61356.0,70903.0,55456.0,60028.0,62096.0,71836.0,54944.0,2016,
Cleveland Browns,1044825,514489.0,530336.0,69596.0,67431.0,65176.0,76249.0,67431.0,60897.0,65047.0,67431.0,67431.0,70921.0,67431.0,60034.0,,60028.0,66529.0,57272.0,55921.0,2016,
Dallas Cowboys,1322087,740318.0,581769.0,92867.0,80612.0,90554.0,70178.0,91653.0,78481.0,,93103.0,67431.0,67737.0,93056.0,93099.0,66860.0,80874.0,93101.0,92885.0,69596.0,2016,
Denver Broncos,1133943,614193.0,519750.0,76843.0,76379.0,63850.0,60375.0,76802.0,58904.0,76865.0,76756.0,54957.0,73138.0,,76819.0,63075.0,68780.0,76893.0,76671.0,76836.0,2016,
Detroit Lions,1075305,486342.0,588963.0,65566.0,58466.0,78411.0,60841.0,58047.0,56018.0,60461.0,71882.0,66807.0,,61486.0,63793.0,73137.0,61726.0,79434.0,92885.0,66345.0,2016,
Green Bay Packers,1169215,625727.0,543488.0,63179.0,66813.0,78411.0,,78401.0,78481.0,78217.0,70165.0,78437.0,69116.0,77137.0,69596.0,77867.0,78057.0,61137.0,77856.0,66345.0,2016,
Houston Texans,1132210,574947.0,557263.0,71933.0,71890.0,66829.0,71815.0,66683.0,71891.0,76865.0,71882.0,,62091.0,76473.0,71897.0,77867.0,65250.0,71803.0,71836.0,65205.0,2016,
Indianapolis Colts,1100210,524393.0,575817.0,65566.0,76379.0,64747.0,83764.0,66622.0,71891.0,65470.0,65417.0,78437.0,,65048.0,66583.0,78160.0,65250.0,66820.0,54896.0,65160.0,2016,
Jacksonville Jaguars,1031602,517172.0,514430.0,63179.0,52165.0,60127.0,83764.0,,61054.0,62614.0,61619.0,73294.0,62091.0,61486.0,67849.0,63075.0,62701.0,71803.0,59621.0,65160.0,2016,
Kansas City Chiefs,1115214,586624.0,528590.0,73238.0,71890.0,71587.0,61278.0,,54211.0,76282.0,65417.0,73294.0,74181.0,72277.0,76819.0,69879.0,75191.0,68084.0,76671.0,54915.0,2016,
Los Angeles Rams,1198268,665318.0,532950.0,70178.0,91046.0,55009.0,64622.0,83679.0,56018.0,74121.0,,86109.0,78160.0,83483.0,73067.0,66829.0,82495.0,69067.0,83656.0,80729.0,2016,
Miami Dolphins,1073132,524101.0,549031.0,69012.0,66829.0,65176.0,60834.0,64425.0,65351.0,65658.0,,65722.0,55107.0,83483.0,65856.0,70916.0,65750.0,78160.0,64690.0,66163.0,2016,
Minnesota Vikings,1084502,534289.0,550213.0,63816.0,66813.0,73813.0,66690.0,66683.0,,69596.0,60422.0,66807.0,78216.0,66808.0,63793.0,66860.0,62701.0,66820.0,77856.0,66808.0,2016,
New England Patriots,1094772,534632.0,560140.0,64864.0,66829.0,66829.0,66829.0,67431.0,66829.0,66009.0,70442.0,,66829.0,70178.0,78160.0,66829.0,66829.0,76893.0,66829.0,66163.0,2016,
New Orleans Saints,1141039,584876.0,556163.0,73028.0,77727.0,73003.0,60641.0,,73138.0,76282.0,73188.0,70178.0,73138.0,73288.0,73067.0,73137.0,62140.0,65072.0,73177.0,70835.0,2016,
New York Giants,1217320,630315.0,587005.0,92867.0,77727.0,78368.0,66690.0,78401.0,78487.0,74121.0,,80309.0,76218.0,78898.0,60034.0,65825.0,80874.0,79434.0,69596.0,79471.0,2016,
New York Jets,1168377,625280.0,543097.0,78160.0,70256.0,71587.0,78160.0,66385.0,64709.0,78160.0,67431.0,65722.0,78160.0,,78160.0,78160.0,70178.0,78160.0,66829.0,78160.0,2016,
Oakland Raiders,1009172,458561.0,550611.0,73028.0,54081.0,62370.0,71152.0,54275.0,54211.0,62614.0,61068.0,54957.0,,76473.0,54909.0,54759.0,75191.0,68352.0,54896.0,76836.0,2016,
Philadelphia Eagles,1125298,556768.0,568530.0,69596.0,62268.0,69596.0,,58047.0,78934.0,69596.0,93103.0,80309.0,69596.0,69190.0,69596.0,55456.0,69596.0,71223.0,69596.0,69596.0,2016,
Pittsburgh Steelers,1065627,514503.0,551124.0,79124.0,65072.0,69596.0,61278.0,66385.0,65351.0,66009.0,,71286.0,67737.0,67431.0,66583.0,65825.0,69657.0,62096.0,66276.0,55921.0,2016,
San Diego Chargers,998070,456197.0,541873.0,73238.0,52165.0,64747.0,60641.0,54275.0,58904.0,69832.0,76756.0,52281.0,55107.0,,71897.0,53832.0,73856.0,68352.0,57272.0,54915.0,2016,
San Francisco 49ers,1119165,561424.0,557741.0,70178.0,74143.0,69010.0,70178.0,70178.0,70003.0,70178.0,,70178.0,65127.0,70178.0,65856.0,59782.0,70178.0,70164.0,83656.0,70178.0,2016,
Seattle Seahawks,1138809,552588.0,586221.0,69012.0,91046.0,69010.0,78160.0,,69071.0,65089.0,73188.0,69084.0,66829.0,69190.0,63674.0,69104.0,78057.0,69067.0,69050.0,70178.0,2016,
Tampa Bay Buccaneers,1054600,484998.0,569602.0,69382.0,64230.0,55009.0,60375.0,73425.0,,70178.0,61068.0,57797.0,62898.0,72277.0,63674.0,53832.0,62140.0,93101.0,73177.0,62037.0,2016,
Tennessee Titans,1016507,517273.0,499234.0,63816.0,58466.0,62370.0,71815.0,64425.0,60897.0,65470.0,61619.0,52281.0,69116.0,65048.0,59494.0,,68780.0,68084.0,59621.0,65205.0,2016,
Washington Redskins,1206654,626432.0,580222.0,79124.0,80612.0,78368.0,76249.0,71318.0,78934.0,60461.0,84488.0,,78216.0,77137.0,93099.0,64939.0,69596.0,76689.0,57953.0,79471.0,2016,
Arizona Cardinals,1063084,513741.0,549343.0,60957.0,63137.0,65102.0,64121.0,69596.0,63999.0,73736.0,,70133.0,64639.0,71680.0,63891.0,63986.0,64153.0,71026.0,63850.0,69078.0,2017,
Atlanta Falcons,1123058,575681.0,547377.0,61857.0,70826.0,63240.0,71273.0,,70593.0,65878.0,77562.0,74244.0,73761.0,69026.0,71036.0,71185.0,72866.0,62382.0,73188.0,74141.0,2017,
Baltimore Ravens,1088056,564709.0,523347.0,55254.0,70605.0,84592.0,71126.0,54980.0,70616.0,66751.0,70408.0,67322.0,,77945.0,70357.0,70500.0,60069.0,56434.0,70590.0,70507.0,2017,
Buffalo Bills,1040917,534200.0,506717.0,68751.0,74122.0,68865.0,71273.0,52367.0,,68561.0,69599.0,77562.0,67501.0,25015.0,74929.0,68499.0,60222.0,62202.0,65878.0,65571.0,2017,
Carolina Panthers,1133961,588942.0,545019.0,70178.0,74122.0,73775.0,65878.0,64288.0,74373.0,61256.0,58545.0,74244.0,72790.0,,77562.0,73171.0,73728.0,74447.0,71463.0,74141.0,2017,
Chicago Bears,1021219,488137.0,533082.0,61857.0,56640.0,61172.0,78362.0,61834.0,70616.0,61256.0,73192.0,,61285.0,60635.0,69596.0,61302.0,52002.0,65872.0,58796.0,66802.0,2017,
Cincinnati Bengals,978253,425937.0,552316.0,55254.0,52942.0,78323.0,67431.0,52367.0,,65363.0,57901.0,60720.0,67432.0,75707.0,51710.0,56029.0,52002.0,66833.0,47732.0,70507.0,2017,
Cleveland Browns,968007,511060.0,456947.0,67431.0,70605.0,63351.0,67431.0,62032.0,71815.0,59061.0,74237.0,,64646.0,57003.0,51710.0,25320.0,67431.0,56434.0,58796.0,50704.0,2017,
Dallas Cowboys,1309211,741775.0,567436.0,93183.0,76919.0,65102.0,91869.0,93329.0,,70133.0,78428.0,93273.0,73761.0,93247.0,93012.0,91712.0,78125.0,55372.0,92150.0,69596.0,2017,
Denver Broncos,1106590,610846.0,495744.0,76324.0,76919.0,68865.0,76909.0,,76721.0,25388.0,76573.0,69596.0,76820.0,75707.0,53930.0,65092.0,75518.0,63411.0,72889.0,75928.0,2017,
Detroit Lions,1046765,513100.0,533665.0,60957.0,77004.0,63240.0,66730.0,64288.0,73117.0,,64983.0,77575.0,64646.0,60635.0,66613.0,70500.0,60372.0,65872.0,47732.0,62501.0,2017,
Green Bay Packers,1183556,624742.0,558814.0,78381.0,70826.0,78323.0,78362.0,93329.0,66848.0,78380.0,,77575.0,61285.0,77945.0,62147.0,77684.0,67431.0,74447.0,78092.0,62501.0,2017,
Houston Texans,1080447,574197.0,506250.0,71710.0,52942.0,65878.0,71804.0,71835.0,71815.0,,69025.0,71709.0,60032.0,71680.0,70357.0,62758.0,71802.0,64701.0,71842.0,60557.0,2017,
Indianapolis Colts,1022042,507525.0,514517.0,60128.0,63137.0,63351.0,68872.0,65612.0,63888.0,63104.0,57901.0,71709.0,66146.0,,62207.0,61207.0,60222.0,63411.0,70590.0,60557.0,2017,
Jacksonville Jaguars,1049568,514427.0,535141.0,71710.0,61709.0,84592.0,77562.0,66237.0,56232.0,63104.0,,60720.0,60835.0,57003.0,63891.0,61207.0,64431.0,64701.0,70133.0,65501.0,2017,
Kansas City Chiefs,1134166,592851.0,541315.0,65878.0,74971.0,25386.0,74587.0,71835.0,76994.0,55090.0,76573.0,93273.0,,76363.0,74929.0,77562.0,74461.0,75011.0,65325.0,75928.0,2017,
Los Angeles Chargers,783367,202687.0,580680.0,76324.0,25381.0,25386.0,25374.0,77373.0,54685.0,25388.0,65878.0,,60835.0,25015.0,93012.0,25320.0,25393.0,75011.0,77562.0,25430.0,2017,
Los Angeles Rams,1062261,507136.0,555125.0,60128.0,56612.0,70178.0,91869.0,60745.0,56232.0,73736.0,,76877.0,60032.0,66809.0,62006.0,63986.0,67752.0,69077.0,60097.0,66125.0,2017,
Miami Dolphins,1051161,541022.0,510139.0,,25381.0,77562.0,84423.0,65135.0,70593.0,65025.0,70408.0,65139.0,72790.0,65089.0,65878.0,65092.0,65548.0,62202.0,65325.0,65571.0,2017,
Minnesota Vikings,1099905,533769.0,566136.0,66606.0,65971.0,66390.0,66730.0,61834.0,66848.0,66751.0,74237.0,,74476.0,66809.0,66613.0,71185.0,73728.0,66833.0,78092.0,66802.0,2017,
New England Patriots,1099028,527024.0,572004.0,65878.0,73168.0,65878.0,65878.0,64476.0,77562.0,65878.0,65878.0,,76820.0,77357.0,65878.0,68499.0,65548.0,68574.0,65878.0,65878.0,2017,
New Orleans Saints,1146046,585113.0,560933.0,66606.0,73168.0,73775.0,84423.0,,73117.0,78380.0,73192.0,73121.0,67501.0,73138.0,62006.0,73171.0,72866.0,73018.0,73188.0,55376.0,2017,
New York Giants,1183037,617434.0,565603.0,93183.0,77004.0,69596.0,63916.0,77373.0,76721.0,78527.0,,76877.0,70133.0,76363.0,73210.0,54994.0,78125.0,76896.0,63850.0,76269.0,2017,
New York Jets,1143358,620496.0,522862.0,68751.0,54729.0,77562.0,77562.0,62032.0,77562.0,65025.0,77562.0,77562.0,57911.0,,77562.0,77562.0,75518.0,73018.0,77562.0,65878.0,2017,
Oakland Raiders,988483,461137.0,527346.0,69089.0,54729.0,77123.0,76909.0,54980.0,54685.0,55090.0,69599.0,65139.0,,77357.0,53930.0,54994.0,74461.0,55372.0,69596.0,25430.0,2017,
Philadelphia Eagles,1117141,556768.0,560373.0,78685.0,74971.0,69596.0,25374.0,69596.0,74373.0,69596.0,69596.0,69596.0,,93247.0,69596.0,69075.0,67752.0,76896.0,69596.0,69596.0,2017,
Pittsburgh Steelers,1035491,499768.0,535723.0,67431.0,65971.0,61172.0,71126.0,66237.0,76994.0,65363.0,64983.0,,66146.0,60703.0,62147.0,56029.0,60069.0,68574.0,71842.0,50704.0,2017,
San Francisco 49ers,1104010,561155.0,542855.0,70178.0,68729.0,70178.0,64121.0,65612.0,75568.0,70133.0,69596.0,70133.0,70133.0,,70134.0,61302.0,71802.0,70133.0,70133.0,66125.0,2017,
Seattle Seahawks,1129943,551809.0,578134.0,78381.0,68729.0,69127.0,68872.0,60745.0,,78527.0,69025.0,68927.0,64639.0,69026.0,70134.0,69075.0,64431.0,69077.0,92150.0,69078.0,2017,
Tampa Bay Buccaneers,1036961,479618.0,557343.0,,56640.0,66390.0,63916.0,64476.0,63999.0,68561.0,58545.0,73121.0,57911.0,65089.0,71036.0,77684.0,60372.0,62382.0,71463.0,55376.0,2017,
Tennessee Titans,1040119,525214.0,514905.0,69089.0,61709.0,69127.0,71804.0,65135.0,63888.0,59061.0,,67322.0,67432.0,60703.0,62207.0,62758.0,64153.0,70133.0,60097.0,65501.0,2017,
Washington Redskins,1137639,601405.0,536234.0,78685.0,56612.0,77123.0,74587.0,,75568.0,69596.0,78428.0,68927.0,74476.0,73138.0,73210.0,91712.0,25393.0,71026.0,72889.0,76269.0,2017,
Arizona Cardinals,1018127,496111.0,522016.0,61613.0,66515.0,62163.0,61845.0,68337.0,66801.0,62359.0,61923.0,,76712.0,62435.0,25343.0,77234.0,62014.0,72084.0,61759.0,68990.0,2018,
Atlanta Falcons,1119143,583184.0,535959.0,69696.0,72528.0,74457.0,71985.0,64781.0,72665.0,72756.0,,62386.0,62144.0,74447.0,73017.0,72262.0,77329.0,72084.0,73722.0,52884.0,2018,
Baltimore Ravens,1053383,563451.0,489932.0,70591.0,50018.0,70156.0,62030.0,67431.0,64441.0,70639.0,73843.0,70997.0,,70077.0,70035.0,72262.0,74336.0,70031.0,25571.0,70925.0,2018,
Buffalo Bills,1072899,519695.0,553204.0,70591.0,69187.0,66800.0,78312.0,68202.0,71638.0,56848.0,70109.0,68749.0,77982.0,,57799.0,65155.0,59119.0,59110.0,65878.0,67420.0,2018,
Carolina Panthers,1102756,590182.0,512574.0,74532.0,72528.0,72161.0,,74221.0,60482.0,69696.0,73843.0,73513.0,62881.0,61999.0,74002.0,52568.0,59392.0,74188.0,73722.0,73028.0,2018,
Chicago Bears,1045568,490750.0,554818.0,78282.0,57960.0,62163.0,61893.0,,65791.0,62389.0,61397.0,68749.0,61393.0,61651.0,65684.0,76465.0,61695.0,62372.0,70806.0,66878.0,2018,
Cincinnati Bengals,911289,406028.0,505261.0,58699.0,50018.0,72161.0,71985.0,52708.0,60594.0,75676.0,45134.0,,52492.0,70077.0,56122.0,44392.0,25358.0,44568.0,67431.0,63874.0,2018,
Cleveland Browns,1045441,526122.0,519319.0,67431.0,73086.0,67431.0,53387.0,67431.0,67431.0,53682.0,63780.0,67431.0,62144.0,,56122.0,71741.0,59392.0,76596.0,67431.0,70925.0,2018,
Dallas Cowboys,1303393,732958.0,570435.0,74532.0,90512.0,69047.0,90155.0,72008.0,90767.0,66301.0,,90466.0,69696.0,74447.0,92076.0,93004.0,93127.0,66654.0,92851.0,77750.0,2018,
Denver Broncos,1092324,611571.0,480753.0,76761.0,76696.0,70156.0,76656.0,77982.0,76109.0,62359.0,77103.0,76270.0,,25462.0,76536.0,44392.0,69449.0,76596.0,53850.0,75947.0,2018,
Detroit Lions,1054328,502061.0,552267.0,61352.0,70164.0,61769.0,90155.0,63405.0,,65265.0,65237.0,66825.0,61393.0,61999.0,65684.0,60974.0,62014.0,59110.0,61641.0,77341.0,2018,
Green Bay Packers,1163842,622677.0,541165.0,78282.0,78461.0,59827.0,78312.0,63405.0,77642.0,,75822.0,65878.0,78076.0,69007.0,66872.0,77234.0,77329.0,62372.0,77982.0,77341.0,2018,
Houston Texans,1112480,574439.0,538041.0,65878.0,62372.0,71838.0,57716.0,72008.0,71638.0,66534.0,71726.0,76270.0,,61593.0,71826.0,71741.0,71814.0,77982.0,69696.0,71848.0,2018,
Indianapolis Colts,1006361,473598.0,532763.0,58699.0,57013.0,69696.0,57716.0,65878.0,77982.0,56848.0,54372.0,,57473.0,57401.0,57069.0,67030.0,71814.0,66654.0,61738.0,68978.0,2018,
Jacksonville Jaguars,1109899,552589.0,557310.0,77992.0,68527.0,64015.0,65353.0,75289.0,90767.0,66534.0,85870.0,,57473.0,67683.0,57799.0,67030.0,60344.0,67577.0,65798.0,71848.0,2018,
Kansas City Chiefs,1107376,607780.0,499596.0,25351.0,63956.0,76023.0,76656.0,75289.0,65878.0,75676.0,77103.0,67431.0,76712.0,77002.0,,54255.0,74336.0,75091.0,69067.0,77550.0,2018,
Los Angeles Chargers,803556,262145.0,541411.0,25351.0,69187.0,68947.0,25397.0,25362.0,67431.0,84301.0,,68989.0,54750.0,25462.0,25343.0,61069.0,25358.0,75091.0,25571.0,75947.0,2018,
Los Angeles Rams,1102409,579439.0,522970.0,53857.0,66515.0,68947.0,72027.0,68893.0,76109.0,66597.0,75822.0,73086.0,72755.0,77002.0,,60974.0,61695.0,74210.0,61759.0,72161.0,2018,
Miami Dolphins,1062180,524480.0,537700.0,65184.0,77982.0,65667.0,65878.0,52708.0,65791.0,65265.0,71726.0,65533.0,78076.0,,57069.0,65155.0,66087.0,66841.0,65798.0,67420.0,2018,
Minnesota Vikings,1090834,534491.0,556343.0,66673.0,78461.0,66800.0,72027.0,69696.0,66801.0,77982.0,66801.0,66825.0,,61651.0,66872.0,65878.0,69007.0,66841.0,61641.0,66878.0,2018,
New England Patriots,1068530,527024.0,541506.0,65878.0,68527.0,61769.0,65878.0,65878.0,65878.0,62389.0,70109.0,65878.0,69363.0,,77982.0,65878.0,66087.0,65280.0,65878.0,65878.0,2018,
New Orleans Saints,1147700,584411.0,563289.0,73038.0,73086.0,74457.0,78213.0,73028.0,,70639.0,66801.0,73086.0,52492.0,73042.0,73017.0,93004.0,53495.0,74188.0,73086.0,73028.0,2018,
New York Giants,1183132,615525.0,567607.0,77992.0,90512.0,71838.0,78213.0,74221.0,77167.0,72756.0,77537.0,,69409.0,75863.0,69696.0,76465.0,57437.0,74538.0,61738.0,77750.0,2018,
New York Jets,1130823,623856.0,506967.0,61352.0,77982.0,67431.0,65353.0,77982.0,77982.0,77982.0,61397.0,65533.0,77982.0,,77982.0,60904.0,59119.0,77982.0,77982.0,65878.0,2018,
Oakland Raiders,955258,463353.0,491905.0,53857.0,76696.0,65667.0,53387.0,25362.0,84922.0,,54372.0,69592.0,54750.0,62435.0,70035.0,54255.0,53960.0,44568.0,53850.0,77550.0,2018,
Philadelphia Eagles,1149737,557568.0,592169.0,69696.0,56552.0,69696.0,69013.0,69696.0,77167.0,69696.0,85870.0,,69696.0,73042.0,69696.0,69696.0,93127.0,74210.0,69696.0,63188.0,2018,
Pittsburgh Steelers,1040509,507651.0,532858.0,67431.0,63956.0,62571.0,62030.0,64781.0,60594.0,,63780.0,70997.0,62881.0,67683.0,76536.0,61069.0,53960.0,65280.0,73086.0,63874.0,2018,
San Francisco 49ers,1052454,553190.0,499264.0,66673.0,70164.0,76023.0,25397.0,68337.0,77642.0,66597.0,61923.0,69592.0,69409.0,,50436.0,69009.0,69449.0,68836.0,70806.0,72161.0,2018,
Seattle Seahawks,1114327,552009.0,562318.0,76761.0,57960.0,69047.0,61845.0,68893.0,84922.0,,65237.0,68989.0,72755.0,69007.0,74002.0,69009.0,69007.0,68836.0,69067.0,68990.0,2018,
Tampa Bay Buccaneers,999843,434855.0,564988.0,73038.0,56552.0,62571.0,61893.0,,72665.0,53682.0,45134.0,73513.0,52667.0,75863.0,50436.0,52568.0,53495.0,70031.0,92851.0,52884.0,2018,
Tennessee Titans,1092094,516161.0,575933.0,65184.0,62372.0,64015.0,69013.0,68202.0,64441.0,84301.0,,90466.0,69363.0,57401.0,71826.0,60904.0,60344.0,74538.0,60746.0,68978.0,2018,
Washington Redskins,1043167,488227.0,554940.0,61613.0,57013.0,59827.0,,73028.0,60482.0,66301.0,77537.0,62386.0,52667.0,61593.0,92076.0,69696.0,57437.0,67577.0,60746.0,63188.0,2018,
Arizona Cardinals,1000509,490586.0,509923.0,60687.0,70126.0,60104.0,60500.0,46012.0,60140.0,73577.0,73064.0,60986.0,40038.0,69419.0,,60944.0,63880.0,63345.0,69022.0,68665.0,2019,
Atlanta Falcons,1099463,572811.0,526652.0,66714.0,72443.0,60295.0,72108.0,71787.0,60140.0,71856.0,71483.0,,73283.0,73106.0,71463.0,71993.0,70592.0,70910.0,70873.0,50417.0,2019,
Baltimore Ravens,1091363,565020.0,526343.0,65012.0,70126.0,73390.0,70686.0,64037.0,70051.0,69012.0,,71157.0,45918.0,70731.0,72409.0,71029.0,69134.0,70545.0,67431.0,70695.0,2019,
Buffalo Bills,1123350,550713.0,572637.0,78523.0,74569.0,69448.0,70317.0,66910.0,,68340.0,69435.0,67685.0,67431.0,64187.0,67338.0,90445.0,69134.0,64694.0,65878.0,69016.0,2019,
Carolina Panthers,1122333,577765.0,544568.0,72005.0,71101.0,60104.0,71699.0,72762.0,60087.0,,69083.0,72540.0,78090.0,73106.0,73068.0,71504.0,70592.0,72544.0,61845.0,72203.0,2019,
Chicago Bears,1051152,495332.0,555820.0,62435.0,76885.0,67327.0,62131.0,60463.0,,62306.0,61632.0,69796.0,61758.0,70758.0,61581.0,65412.0,61276.0,78266.0,62213.0,66913.0,2019,
Cincinnati Bengals,907640,377432.0,530208.0,68710.0,50666.0,69448.0,57959.0,46012.0,70051.0,42784.0,83720.0,,45918.0,51921.0,47423.0,39804.0,67431.0,57066.0,60968.0,47759.0,2019,
Cleveland Browns,1075124,539448.0,535676.0,67431.0,78523.0,67431.0,70686.0,70585.0,67431.0,,65878.0,76743.0,67431.0,67431.0,67431.0,62157.0,67431.0,63345.0,67431.0,47759.0,2019,
Dallas Cowboys,1289027,727432.0,561595.0,90353.0,75128.0,90127.0,73086.0,93024.0,78523.0,91213.0,,76107.0,91188.0,61801.0,65878.0,90445.0,61276.0,90436.0,69796.0,90646.0,2019,
Denver Broncos,1104191,607497.0,496694.0,52359.0,76885.0,78078.0,76219.0,25357.0,75815.0,76748.0,61653.0,76743.0,,66883.0,67338.0,74638.0,71769.0,73257.0,74115.0,76334.0,2019,
Detroit Lions,1011888,490737.0,521151.0,60687.0,60158.0,69796.0,65188.0,,76947.0,60314.0,58509.0,53318.0,61758.0,61801.0,57754.0,65412.0,66776.0,56515.0,74115.0,62840.0,2019,
Green Bay Packers,1154661,622762.0,531899.0,62435.0,78416.0,78078.0,77509.0,93024.0,76947.0,78160.0,73558.0,25435.0,78090.0,,71500.0,75950.0,77296.0,78266.0,67157.0,62840.0,2019,
Houston Texans,1075836,574345.0,501491.0,73039.0,71651.0,25349.0,71699.0,71787.0,73323.0,59977.0,71893.0,84771.0,,70731.0,71727.0,72025.0,71769.0,65265.0,49036.0,71794.0,2019,
Indianapolis Colts,965049,488886.0,476163.0,25363.0,62849.0,60295.0,62259.0,73352.0,,59977.0,61653.0,61115.0,60510.0,61986.0,71727.0,60361.0,50232.0,73053.0,61845.0,58472.0,2019,
Jacksonville Jaguars,1014675,504686.0,509989.0,60157.0,71651.0,58613.0,76219.0,72762.0,64341.0,42784.0,57833.0,84771.0,,61986.0,60926.0,62633.0,57866.0,52788.0,70873.0,58472.0,2019,
Kansas City Chiefs,1115771,587723.0,528048.0,60157.0,52748.0,73390.0,65188.0,73352.0,73323.0,76748.0,73558.0,73615.0,68864.0,76252.0,,73548.0,65878.0,73257.0,62213.0,73680.0,2019,
Los Angeles Chargers,760644,254007.0,506637.0,25363.0,60158.0,25349.0,64278.0,25357.0,25425.0,62431.0,61632.0,25435.0,51954.0,76252.0,,74638.0,57866.0,25446.0,25380.0,73680.0,2019,
Los Angeles Rams,1147715,582325.0,565390.0,72005.0,71460.0,67431.0,68117.0,68988.0,75695.0,71856.0,83720.0,,63627.0,70758.0,72409.0,60944.0,71501.0,90436.0,70103.0,68665.0,2019,
Miami Dolphins,1067487,504540.0,562947.0,65012.0,65513.0,90127.0,64278.0,,59808.0,68340.0,59244.0,59229.0,60510.0,64187.0,67431.0,65545.0,78523.0,72894.0,60968.0,65878.0,2019,
Minnesota Vikings,1070025,534794.0,535231.0,66714.0,78416.0,66738.0,62131.0,75041.0,66837.0,60314.0,66776.0,73615.0,91188.0,66883.0,,69080.0,66776.0,25446.0,67157.0,66913.0,2019,
New England Patriots,1087904,527024.0,560880.0,65878.0,65513.0,65878.0,70317.0,76483.0,65878.0,78523.0,65878.0,71157.0,,69796.0,65878.0,72025.0,65878.0,57066.0,65878.0,65878.0,2019,
New Orleans Saints,1117057,584660.0,532397.0,73039.0,71460.0,69005.0,73086.0,73029.0,64341.0,62306.0,73064.0,,73283.0,54333.0,73068.0,71993.0,73038.0,73053.0,66756.0,72203.0,2019,
New York Giants,1143109,597316.0,545793.0,90353.0,74569.0,55070.0,74149.0,75041.0,65878.0,73577.0,58509.0,76107.0,78523.0,,61581.0,75950.0,69796.0,72894.0,66083.0,75029.0,2019,
New York Jets,1116711,628184.0,488527.0,78523.0,78523.0,65878.0,,69796.0,78523.0,78523.0,57833.0,59229.0,78523.0,56426.0,78523.0,39804.0,78523.0,70545.0,78523.0,69016.0,2019,
Oakland Raiders,961146,428311.0,532835.0,52359.0,52748.0,66738.0,62259.0,60463.0,,78160.0,71893.0,53318.0,51954.0,51921.0,78523.0,73548.0,52760.0,52788.0,25380.0,76334.0,2019,
Philadelphia Eagles,1139525,558268.0,581257.0,69696.0,72443.0,69796.0,77509.0,69796.0,66837.0,91213.0,69435.0,69796.0,,69796.0,69796.0,65545.0,69796.0,63246.0,69796.0,75029.0,2019,
Pittsburgh Steelers,986590,497896.0,488694.0,65878.0,65063.0,69439.0,57959.0,64037.0,25425.0,,59244.0,61115.0,63627.0,67431.0,47423.0,62157.0,63880.0,64694.0,78523.0,70695.0,2019,
San Francisco 49ers,1080454,562443.0,518011.0,55976.0,50666.0,69439.0,,70585.0,75695.0,61459.0,69083.0,60986.0,71404.0,69419.0,71500.0,71029.0,73038.0,70910.0,70103.0,69162.0,2019,
Seattle Seahawks,1101649,551927.0,549722.0,68710.0,65063.0,69005.0,60500.0,68988.0,67431.0,69012.0,71483.0,68948.0,71404.0,,69796.0,69080.0,71501.0,72544.0,69022.0,69162.0,2019,
Tampa Bay Buccaneers,949068,415189.0,533879.0,55976.0,71101.0,55070.0,68117.0,73029.0,60087.0,,62073.0,68948.0,40038.0,54333.0,71463.0,62633.0,50232.0,56515.0,49036.0,50417.0,2019,
Tennessee Titans,1047496,516074.0,531422.0,67431.0,62849.0,58613.0,72108.0,66910.0,75815.0,62431.0,62073.0,72540.0,68864.0,,60926.0,60361.0,52760.0,65265.0,66756.0,71794.0,2019,
Washington Redskins,1101466,523906.0,577560.0,69696.0,75128.0,67327.0,74149.0,76483.0,59808.0,61459.0,66776.0,67685.0,,56426.0,57754.0,71504.0,77296.0,63246.0,66083.0,90646.0,2019,
Arizona Cardinals,39894,9600.0,30294.0,,,,5120.0,,25174.0,1200.0,,4200.0,4200.0,,,,,,,,2020,
Atlanta Falcons,113084,50657.0,62427.0,,21708.0,,,6656.0,,7796.0,5240.0,7665.0,,6000.0,9124.0,8713.0,,10703.0,13470.0,16009.0,2020,
Baltimore Ravens,39018,4345.0,34673.0,,,,,,,,4345.0,12200.0,,,,,11974.0,,,10499.0,2020,
Buffalo Bills,23678,,23678.0,,11075.0,,,8403.0,,,,,4200.0,,,,,,,,2020,
Carolina Panthers,55958,34229.0,21729.0,,,,5120.0,6656.0,5240.0,3000.0,5240.0,12073.0,5815.0,5546.0,,,5768.0,,,1500.0,2020,
Chicago Bears,36556,,36556.0,,,,,,5240.0,,,13871.0,,,,,,,17445.0,,2020,
Cincinnati Bengals,116248,66965.0,49283.0,,6000.0,,6243.0,,12453.0,9732.0,9712.0,,5909.0,,10208.0,12577.0,10322.0,10249.0,12344.0,10499.0,2020,
Cleveland Browns,150365,80440.0,69925.0,,6000.0,6000.0,25021.0,11759.0,5260.0,9732.0,10972.0,,10613.0,11133.0,15926.0,13986.0,11974.0,,,11989.0,2020,
Dallas Cowboys,229343,219021.0,10322.0,,21708.0,,25021.0,25147.0,25174.0,,,31700.0,,,30048.0,,10322.0,30092.0,30131.0,,2020,
Denver Broncos,47133,21122.0,26011.0,,,5226.0,,,,5314.0,5231.0,7665.0,,5351.0,,12578.0,5768.0,,,,2020,
Detroit Lions,41652,,41652.0,,,,,,14513.0,7796.0,,,,5546.0,,,,13797.0,,,2020,
Green Bay Packers,41401,,41401.0,,,748.0,,,15540.0,12618.0,,,,12495.0,,,,,,,2020,
Houston Texans,149134,86800.0,62334.0,15895.0,,,12102.0,12413.0,10166.0,12618.0,,15668.0,10613.0,12503.0,,12316.0,,9992.0,12344.0,12504.0,2020,
Indianapolis Colts,131684,79560.0,52124.0,14100.0,2500.0,7480.0,,11759.0,12453.0,,,12200.0,13949.0,12495.0,12464.0,12316.0,,9992.0,,9976.0,2020,
Jacksonville Jaguars,155987,127355.0,28632.0,14100.0,,16563.0,6243.0,12413.0,14513.0,,,15668.0,,17244.0,15926.0,,15896.0,,17445.0,9976.0,2020,
Kansas City Chiefs,142549,105228.0,37321.0,15895.0,,,12729.0,13311.0,,5314.0,11932.0,12073.0,,,15950.0,12578.0,13057.0,3000.0,13470.0,13240.0,2020,
Las Vegas Raiders,33407,,33407.0,,,,,13311.0,,,10972.0,,,,9124.0,,,,,,2020,
Los Angeles Chargers,38354,,38354.0,,,,6383.0,749.0,,,5231.0,,12751.0,,,,,,,13240.0,2020,
Los Angeles Rams,28127,,28127.0,,,,,,,,12397.0,,,15730.0,,,,,,,2020,
Miami Dolphins,124466,98352.0,26114.0,,11075.0,16563.0,12369.0,,10772.0,,12397.0,4200.0,12751.0,5351.0,,12577.0,13057.0,13354.0,,,2020,
Minnesota Vikings,33633,,33633.0,,2500.0,,12102.0,,,,,,,,,,16031.0,,3000.0,,2020,
New England Patriots,38586,,38586.0,,,,12729.0,,,,,,,12503.0,,,,13354.0,,,2020,
New Orleans Saints,48429,22476.0,25953.0,,,748.0,,749.0,,3000.0,,15740.0,5979.0,6000.0,,8713.0,,3000.0,3000.0,1500.0,2020,
New York Giants,38355,,38355.0,,,,,25147.0,,,,3000.0,,,10208.0,,,,,,2020,
New York Jets,30184,,30184.0,,,7480.0,,,10772.0,,11932.0,,,,,,,,,,2020,
Philadelphia Eagles,45972,,45972.0,,,,,4708.0,,,,,,11133.0,,,,,30131.0,,2020,
Pittsburgh Steelers,101759,15877.0,85882.0,,,,,4708.0,5260.0,10355.0,4345.0,31700.0,5909.0,17244.0,,,,10249.0,,11989.0,2020,
San Francisco 49ers,36071,,36071.0,,,,,,,,,,5979.0,,,,,30092.0,,,2020,
Seattle Seahawks,13569,,13569.0,,,,12369.0,,,1200.0,,,,,,,,,,,2020,
Tampa Bay Buccaneers,123127,101383.0,21744.0,,,5226.0,6383.0,,15540.0,,,15740.0,5815.0,15730.0,15950.0,,16031.0,10703.0,,16009.0,2020,
Tennessee Titans,135103,84527.0,50576.0,,,,,8403.0,10166.0,10355.0,9712.0,13871.0,13949.0,,12464.0,13986.0,15896.0,13797.0,,12504.0,2020,
Washington Football Team,39048,3000.0,36048.0,,,6000.0,,,,,,3000.0,,,30048.0,,,,,,2020,
Arizona Cardinals,1090961,500981.0,589980.0,67216.0,60115.0,58012.0,70003.0,62716.0,67431.0,60297.0,63696.0,59012.0,62400.0,68833.0,,60803.0,63999.0,45211.0,63900.0,93459.0,2021,63858.0
Atlanta Falcons,1173982,540764.0,633218.0,68633.0,63694.0,75307.0,68333.0,60589.0,,62739.0,68583.0,69170.0,93436.0,68286.0,60031.0,69366.0,72243.0,71650.0,68638.0,64948.0,2021,68336.0
Baltimore Ravens,1141157,634840.0,506317.0,61756.0,70417.0,50788.0,76490.0,70510.0,70704.0,70659.0,,70599.0,65948.0,60679.0,70355.0,59303.0,67431.0,70815.0,63922.0,70328.0,2021,70453.0
Buffalo Bills,1093983,610352.0,483631.0,69787.0,65040.0,68434.0,68087.0,73389.0,69419.0,,69355.0,63110.0,77625.0,69866.0,69170.0,69694.0,,65398.0,65878.0,64948.0,2021,64783.0
Carolina Panthers,1202133,575249.0,626884.0,70211.0,70675.0,68320.0,93262.0,72545.0,72104.0,71889.0,68583.0,72203.0,62400.0,73350.0,62389.0,,72243.0,65398.0,71918.0,69170.0,2021,65473.0
Chicago Bears,1079841,486675.0,593166.0,70445.0,60840.0,67431.0,61468.0,59122.0,62332.0,65635.0,60877.0,60788.0,,60679.0,56355.0,60803.0,78273.0,60082.0,68492.0,59594.0,2021,66625.0
Cincinnati Bengals,1056115,542929.0,513186.0,56525.0,60840.0,58076.0,63198.0,64195.0,50831.0,70659.0,67503.0,65451.0,,61712.0,63238.0,51414.0,50481.0,76134.0,63922.0,64505.0,2021,67431.0
Cleveland Browns,1092573,539448.0,553125.0,72973.0,67431.0,67431.0,66703.0,70240.0,67431.0,67431.0,67431.0,65451.0,65878.0,67431.0,70355.0,,67431.0,,77901.0,63624.0,2021,67431.0
Dallas Cowboys,1366866,747368.0,619498.0,65566.0,70240.0,93267.0,93262.0,93476.0,65878.0,,66633.0,93503.0,93436.0,73494.0,93483.0,69170.0,61308.0,77413.0,93482.0,93459.0,2021,69796.0
Denver Broncos,1243881,686129.0,557752.0,74119.0,58461.0,75882.0,76490.0,59841.0,76854.0,67431.0,75973.0,93503.0,76766.0,,75807.0,73185.0,76211.0,76134.0,60972.0,70240.0,2021,76012.0
Detroit Lions,1027002,412177.0,614825.0,59374.0,77240.0,50788.0,61468.0,66538.0,50831.0,70540.0,47192.0,,58716.0,67431.0,56355.0,45691.0,76211.0,45211.0,68638.0,68043.0,2021,56735.0
Green Bay Packers,1187232,623929.0,563303.0,35242.0,77240.0,69853.0,78281.0,64195.0,62332.0,78219.0,63696.0,73476.0,78235.0,66959.0,77948.0,,78273.0,70815.0,77901.0,77832.0,2021,56735.0
Houston Texans,1114558,601305.0,513253.0,68105.0,67431.0,68320.0,68087.0,68450.0,57947.0,60297.0,66013.0,60232.0,,67395.0,65120.0,65291.0,67610.0,60252.0,65674.0,71612.0,2021,66722.0
Indianapolis Colts,1081420,562276.0,519144.0,63347.0,63076.0,67914.0,64571.0,70510.0,57947.0,56576.0,59175.0,59593.0,60622.0,69866.0,66140.0,65291.0,,66391.0,63900.0,65985.0,2021,60516.0
Jacksonville Jaguars,1070491,539716.0,530775.0,68105.0,58461.0,58012.0,63198.0,58282.0,60784.0,,67243.0,63110.0,60622.0,60268.0,60031.0,70801.0,67808.0,60252.0,67120.0,65878.0,2021,60516.0
Kansas City Chiefs,1192945,659044.0,533901.0,72973.0,70417.0,72980.0,69796.0,73389.0,51322.0,69484.0,72898.0,73476.0,62125.0,73494.0,,73185.0,73278.0,70240.0,73371.0,64505.0,2021,76012.0
Las Vegas Raiders,1068732,550673.0,518059.0,61756.0,63707.0,59311.0,70240.0,59122.0,76854.0,62000.0,,74512.0,62125.0,61712.0,93483.0,61607.0,73278.0,,60972.0,65985.0,2021,62068.0
Los Angeles Chargers,1153356,632160.0,521196.0,52753.0,70240.0,72980.0,70240.0,70240.0,70704.0,,70240.0,69796.0,70240.0,70240.0,75807.0,51414.0,70240.0,70240.0,65674.0,70240.0,2021,62068.0
Los Angeles Rams,1187786,572791.0,614995.0,70445.0,63076.0,73205.0,70003.0,68747.0,73920.0,70540.0,66013.0,71785.0,64256.0,,77948.0,70801.0,63999.0,71565.0,66708.0,70328.0,2021,74447.0
Miami Dolphins,1110828,579366.0,531462.0,65878.0,65040.0,59311.0,64571.0,65570.0,60784.0,62739.0,69355.0,60232.0,65948.0,72303.0,62389.0,65898.0,,66035.0,69170.0,69091.0,2021,66514.0
Minnesota Vikings,1118294,533613.0,584681.0,56525.0,60115.0,66729.0,66703.0,66538.0,72104.0,,66633.0,70599.0,70240.0,66959.0,71493.0,45691.0,66718.0,60082.0,66708.0,77832.0,2021,66625.0
New England Patriots,1150306,592902.0,557404.0,65878.0,75626.0,65878.0,65878.0,68450.0,65878.0,65878.0,70240.0,72203.0,65878.0,68286.0,65878.0,69694.0,,66391.0,65878.0,65878.0,2021,66514.0
New Orleans Saints,1117104,519432.0,597672.0,35242.0,70675.0,65878.0,69170.0,50137.0,,68563.0,69170.0,69170.0,69414.0,69796.0,69170.0,69170.0,69129.0,65744.0,69170.0,69170.0,2021,68336.0
New York Giants,1207885,591052.0,616833.0,74119.0,50118.0,75307.0,69170.0,93476.0,73920.0,71889.0,72898.0,74512.0,,65643.0,73969.0,65898.0,70240.0,77413.0,69796.0,59594.0,2021,69923.0
New York Jets,1173183,645092.0,528091.0,70211.0,75626.0,75882.0,70232.0,60589.0,,65878.0,67503.0,59593.0,77625.0,72303.0,65120.0,73311.0,69129.0,66035.0,67120.0,72243.0,2021,64783.0
Philadelphia Eagles,1177614,558368.0,619246.0,68633.0,69796.0,93267.0,69796.0,72545.0,69796.0,62000.0,47192.0,69796.0,76766.0,69796.0,73969.0,73311.0,,69796.0,69796.0,51563.0,2021,69796.0
Pittsburgh Steelers,1103916,544397.0,559519.0,69787.0,63707.0,58076.0,78281.0,59841.0,60821.0,,67431.0,60788.0,58716.0,70240.0,63238.0,59303.0,66718.0,59521.0,73371.0,63624.0,2021,70453.0
San Francisco 49ers,1109442,533364.0,576078.0,59374.0,69796.0,69853.0,68912.0,62716.0,,56576.0,60877.0,59012.0,64256.0,60268.0,71493.0,68758.0,50481.0,71650.0,69361.0,71612.0,2021,74447.0
Seattle Seahawks,1141021,547264.0,593757.0,63347.0,68585.0,66729.0,68912.0,68747.0,60821.0,68563.0,67243.0,,78235.0,68833.0,52680.0,68758.0,67610.0,71565.0,68492.0,68043.0,2021,63858.0
Tampa Bay Buccaneers,1067169,457325.0,609844.0,65566.0,63694.0,73205.0,65878.0,65570.0,69796.0,65635.0,69170.0,,52128.0,65643.0,66140.0,69366.0,,65744.0,71918.0,72243.0,2021,65473.0
Tennessee Titans,1137282,617102.0,520180.0,67216.0,68585.0,67914.0,70232.0,58282.0,69419.0,69484.0,59175.0,71785.0,69414.0,67395.0,65878.0,,67808.0,59521.0,69361.0,69091.0,2021,66722.0
Washington Football Team,1081126,422009.0,659117.0,52753.0,50118.0,68434.0,68333.0,50137.0,51322.0,78219.0,75973.0,,52128.0,73350.0,52680.0,61607.0,61308.0,69796.0,93482.0,51563.0,2021,69923.0
Arizona Cardinals,1141794,586830.0,554964.0,63697.0,61707.0,63243.0,69810.0,63919.0,68867.0,63290.0,66742.0,63982.0,71752.0,78427.0,63628.0,,63251.0,75179.0,63393.0,69269.0,2022,71638.0
Atlanta Falcons,1167681,626248.0,541433.0,70078.0,71802.0,68773.0,69435.0,68299.0,69813.0,66158.0,68996.0,69299.0,72029.0,69757.0,53864.0,70325.0,,70041.0,70467.0,69269.0,2022,69276.0
Baltimore Ravens,1185526,564714.0,620812.0,78827.0,70582.0,65878.0,70494.0,70548.0,78019.0,70461.0,68912.0,70010.0,,70677.0,59560.0,70443.0,66326.0,67431.0,70467.0,71042.0,2022,65849.0
Buffalo Bills,1107077,547450.0,559627.0,73846.0,70683.0,66206.0,70494.0,70764.0,73586.0,,70863.0,83135.0,70844.0,52146.0,66553.0,65878.0,70603.0,70794.0,59929.0,,2022,70753.0
Carolina Panthers,1201413,642167.0,559246.0,72205.0,73843.0,70496.0,69810.0,72321.0,71482.0,71941.0,68996.0,66160.0,72029.0,70677.0,70644.0,,68672.0,73548.0,69173.0,69298.0,2022,70118.0
Chicago Bears,1131267,538410.0,592857.0,62159.0,78350.0,60592.0,74044.0,66929.0,61873.0,65878.0,93767.0,62377.0,61817.0,69757.0,77963.0,61233.0,,48423.0,59929.0,66169.0,2022,60007.0
Cincinnati Bengals,1109393,463733.0,645660.0,65841.0,92944.0,73708.0,67260.0,70548.0,70004.0,66158.0,67431.0,66160.0,,66401.0,69441.0,66243.0,66222.0,69305.0,65878.0,,2022,65849.0
Cleveland Browns,1118849,539448.0,579401.0,72205.0,67431.0,67431.0,69435.0,67431.0,67431.0,70461.0,67431.0,,66563.0,52146.0,67431.0,66523.0,66222.0,67431.0,67431.0,50827.0,2022,65019.0
Dallas Cowboys,1409563,841192.0,568371.0,93797.0,92944.0,79445.0,92946.0,74154.0,69879.0,93487.0,93767.0,,78433.0,65304.0,93568.0,93086.0,93843.0,69050.0,93754.0,69292.0,2022,62814.0
Denver Broncos,1251020,607845.0,643175.0,68965.0,76191.0,77021.0,62332.0,76667.0,70240.0,76624.0,86215.0,,69240.0,76056.0,70644.0,70443.0,76072.0,75179.0,71525.0,73571.0,2022,74035.0
Detroit Lions,1157336,570809.0,586527.0,64537.0,57687.0,66638.0,63920.0,65878.0,,93487.0,61447.0,63379.0,61817.0,76267.0,66553.0,60743.0,66374.0,75076.0,69173.0,66169.0,2022,78191.0
Green Bay Packers,1213888,685623.0,528265.0,66959.0,78350.0,69197.0,78317.0,61024.0,78343.0,60427.0,70863.0,63379.0,78433.0,77506.0,69879.0,61233.0,,77269.0,66328.0,78190.0,2022,78191.0
Houston Texans,1163275,543294.0,619981.0,69415.0,76191.0,60592.0,69071.0,60018.0,,61228.0,68467.0,68831.0,71615.0,65865.0,66205.0,66523.0,93843.0,70541.0,66634.0,64581.0,2022,63655.0
Indianapolis Colts,1163736,524474.0,639262.0,69415.0,58360.0,65975.0,65781.0,76667.0,65749.0,69459.0,65515.0,65878.0,62197.0,66241.0,65982.0,93086.0,,66801.0,65576.0,77399.0,2022,63655.0
Jacksonville Jaguars,1130728,531675.0,599053.0,58192.0,58360.0,67964.0,69879.0,60018.0,65749.0,65664.0,86215.0,62758.0,73493.0,,59560.0,60743.0,68409.0,69050.0,70043.0,64581.0,2022,70050.0
Kansas City Chiefs,1202995,587997.0,614998.0,63697.0,73461.0,65975.0,68348.0,73523.0,73586.0,71746.0,,73475.0,73493.0,70240.0,73557.0,66243.0,76072.0,70541.0,73331.0,73571.0,2022,62136.0
Las Vegas Raiders,1125946,496363.0,629583.0,70240.0,61707.0,68649.0,62332.0,73523.0,,61228.0,70009.0,62758.0,62197.0,76056.0,68849.0,62123.0,74738.0,62273.0,64761.0,62367.0,2022,62136.0
Los Angeles Chargers,1175977,559644.0,616333.0,70240.0,73461.0,67964.0,69071.0,67431.0,70240.0,70240.0,,69299.0,71709.0,70240.0,63628.0,62123.0,70240.0,70240.0,65576.0,70240.0,2022,74035.0
Los Angeles Rams,1218216,654606.0,563610.0,73846.0,71802.0,63243.0,71597.0,74154.0,71482.0,,73505.0,69019.0,71752.0,70025.0,73557.0,71802.0,74738.0,77269.0,71525.0,70240.0,2022,68660.0
Miami Dolphins,1152651,529841.0,622810.0,65786.0,70582.0,66206.0,67260.0,82500.0,66100.0,66224.0,61447.0,62377.0,66563.0,,66205.0,71732.0,70240.0,70794.0,66328.0,65878.0,2022,66429.0
Minnesota Vikings,1130867,600183.0,530684.0,66959.0,69879.0,66638.0,60639.0,66929.0,66100.0,,66742.0,58651.0,70844.0,65304.0,66918.0,66973.0,66374.0,66801.0,66919.0,78190.0,2022,60007.0
New England Patriots,1151883,527024.0,624859.0,65786.0,67307.0,65878.0,78317.0,65878.0,67431.0,65878.0,82823.0,65878.0,,65878.0,66918.0,65878.0,63251.0,62273.0,65878.0,65878.0,2022,70753.0
New Orleans Saints,1168868,621249.0,547619.0,70078.0,70400.0,70496.0,60639.0,70003.0,70004.0,63290.0,70009.0,70010.0,66544.0,70025.0,71275.0,68709.0,,70041.0,67431.0,69796.0,2022,70118.0
New York Giants,1243963,688266.0,555697.0,67805.0,73843.0,79445.0,74044.0,61024.0,78019.0,65664.0,68921.0,,71615.0,76267.0,93568.0,76128.0,81506.0,61917.0,66919.0,77399.0,2022,69879.0
New York Jets,1251761,624075.0,627686.0,78827.0,67431.0,73708.0,66578.0,82500.0,78343.0,76624.0,82823.0,83135.0,,65878.0,77963.0,66973.0,70603.0,75076.0,70043.0,68827.0,2022,66429.0
Philadelphia Eagles,1180465,628828.0,551637.0,64537.0,69879.0,64426.0,69879.0,63919.0,69879.0,,69879.0,68831.0,69879.0,66241.0,69879.0,69879.0,81506.0,48423.0,93754.0,69796.0,2022,69879.0
Pittsburgh Steelers,1151279,530243.0,621036.0,65841.0,67307.0,67431.0,66578.0,70764.0,67307.0,66224.0,69879.0,,66544.0,66401.0,65982.0,70325.0,66326.0,73548.0,64761.0,71042.0,2022,65019.0
San Francisco 49ers,1209231,644661.0,564570.0,62159.0,71597.0,77021.0,71597.0,72321.0,69813.0,71746.0,73505.0,,71709.0,78427.0,71275.0,71732.0,71725.0,68957.0,71642.0,62367.0,2022,71638.0
Seattle Seahawks,1174177,619491.0,554686.0,68965.0,71597.0,68773.0,63920.0,70003.0,68867.0,70240.0,68921.0,63982.0,69811.0,,68849.0,71802.0,68672.0,68957.0,73331.0,68827.0,2022,68660.0
Tampa Bay Buccaneers,1196168,620898.0,575270.0,93797.0,70400.0,69197.0,68348.0,68299.0,67307.0,71941.0,68912.0,69019.0,69811.0,,67431.0,68709.0,71725.0,69305.0,63393.0,69298.0,2022,69276.0
Tennessee Titans,1166846,548929.0,617917.0,67805.0,70683.0,68649.0,65781.0,51836.0,,69459.0,68467.0,73475.0,69240.0,77506.0,69441.0,69879.0,68409.0,70240.0,66634.0,69292.0,2022,70050.0
Washington Commanders,1084489,522954.0,561535.0,58192.0,57687.0,64426.0,92946.0,51836.0,61873.0,60427.0,65515.0,58651.0,69879.0,65865.0,53864.0,76128.0,,61917.0,71642.0,50827.0,2022,62814.0
Arizona Cardinals,1113568,502912.0,610656.0,64693.0,62080.0,62915.0,71521.0,62651.0,71202.0,68781.0,63064.0,67919.0,62861.0,70247.0,62177.0,66436.0,,63967.0,59978.0,69879.0,2023,63197.0
Atlanta Falcons,1176416,556828.0,619588.0,69597.0,69251.0,63803.0,85716.0,69461.0,69921.0,62620.0,68008.0,69715.0,62861.0,,70166.0,74455.0,69496.0,70301.0,69221.0,61752.0,2023,70072.0
Baltimore Ravens,1170734,635380.0,535354.0,70136.0,66015.0,70038.0,67919.0,67272.0,61011.0,70989.0,63064.0,70753.0,70424.0,70997.0,70240.0,,70492.0,68021.0,71812.0,71196.0,2023,70355.0
Buffalo Bills,1183200,626483.0,556717.0,83345.0,70772.0,64291.0,70881.0,61273.0,70515.0,64628.0,70416.0,66965.0,70318.0,70603.0,69879.0,,73639.0,70933.0,67678.0,70772.0,2023,66292.0
Carolina Panthers,1163926,573086.0,590840.0,69597.0,72709.0,68699.0,72842.0,63648.0,65529.0,,71505.0,72301.0,61200.0,73543.0,62493.0,62432.0,70009.0,70301.0,70875.0,67233.0,2023,69010.0
Chicago Bears,1111491,494157.0,617334.0,62456.0,62976.0,73562.0,62220.0,63727.0,62167.0,62199.0,70240.0,70006.0,61200.0,63873.0,66843.0,,62185.0,67919.0,59978.0,61752.0,2023,78188.0
Cincinnati Bengals,1144696,594361.0,550335.0,67919.0,66015.0,65158.0,68951.0,62651.0,66385.0,,71655.0,66965.0,66526.0,70997.0,65090.0,67951.0,65981.0,66376.0,66646.0,73565.0,2023,65865.0
Cleveland Browns,1168498,610295.0,558203.0,67919.0,67576.0,67919.0,67919.0,,67431.0,65552.0,68807.0,67919.0,70424.0,67919.0,76261.0,72887.0,67431.0,67919.0,70831.0,67919.0,2023,65865.0
Dallas Cowboys,1378746,748755.0,629991.0,80809.0,93689.0,62915.0,93719.0,71617.0,70240.0,,93448.0,69879.0,93338.0,73543.0,93711.0,93367.0,93752.0,70933.0,66410.0,93731.0,2023,63645.0
Denver Broncos,1226925,687498.0,539427.0,76299.0,76108.0,65522.0,62220.0,76387.0,73528.0,76880.0,76286.0,,70318.0,76848.0,76261.0,71670.0,70240.0,64500.0,76201.0,76228.0,2023,61429.0
Detroit Lions,1170249,518741.0,651508.0,73522.0,66434.0,63803.0,78052.0,63648.0,65854.0,70989.0,66774.0,,70240.0,63873.0,66476.0,70003.0,62185.0,64500.0,66932.0,93731.0,2023,63233.0
Green Bay Packers,1242403,622636.0,619767.0,62456.0,69251.0,78043.0,78052.0,62572.0,,76880.0,78113.0,77409.0,67617.0,77432.0,66476.0,78124.0,76637.0,77275.0,70875.0,67003.0,2023,78188.0
Houston Texans,1184936,640742.0,544194.0,70136.0,71159.0,61466.0,71399.0,69461.0,71810.0,,71505.0,70785.0,66526.0,70247.0,71324.0,71670.0,72956.0,66219.0,70831.0,71517.0,2023,65925.0
Indianapolis Colts,1113729,587393.0,526336.0,65749.0,71159.0,70038.0,65337.0,65287.0,64851.0,65552.0,65427.0,72301.0,50144.0,,64407.0,62641.0,65981.0,64171.0,69221.0,65538.0,2023,65925.0
Jacksonville Jaguars,1150901,621599.0,529302.0,65749.0,69915.0,61466.0,85716.0,61273.0,64851.0,70009.0,67225.0,,69271.0,67175.0,71324.0,67951.0,67431.0,68021.0,62547.0,67233.0,2023,63744.0
Kansas City Chiefs,1205847,638715.0,567132.0,73522.0,69915.0,73562.0,80461.0,67003.0,73528.0,73642.0,76286.0,50023.0,,73754.0,62441.0,78124.0,73639.0,64628.0,73480.0,73565.0,2023,68274.0
Las Vegas Raiders,1111041,559713.0,551328.0,76299.0,70772.0,62541.0,70240.0,62572.0,61985.0,62199.0,66774.0,62082.0,62383.0,66026.0,62441.0,,62626.0,61654.0,73480.0,65538.0,2023,61429.0
Los Angeles Chargers,1190939,627632.0,563307.0,70240.0,67438.0,66878.0,70240.0,,70240.0,73642.0,70240.0,75407.0,70240.0,77432.0,70240.0,64628.0,70240.0,61654.0,67678.0,76228.0,2023,68274.0
Los Angeles Rams,1235049,585204.0,649845.0,68683.0,74742.0,65158.0,65337.0,74935.0,71202.0,73471.0,93448.0,77409.0,,72704.0,62177.0,72887.0,70492.0,72035.0,73228.0,75517.0,2023,71624.0
Miami Dolphins,1136583,593304.0,543279.0,70240.0,64628.0,65522.0,70881.0,65654.0,65529.0,69879.0,65836.0,50023.0,,66026.0,82973.0,63459.0,66068.0,65967.0,66410.0,71196.0,2023,66292.0
Minnesota Vikings,1157107,535308.0,621799.0,66741.0,69879.0,66878.0,72842.0,67003.0,62167.0,66975.0,78113.0,69715.0,66933.0,76848.0,66843.0,,62626.0,66376.0,66932.0,67003.0,2023,63233.0
New England Patriots,1165144,567168.0,597976.0,64628.0,64628.0,80876.0,93719.0,64628.0,61985.0,64628.0,65836.0,64628.0,50144.0,,82211.0,64628.0,66376.0,64628.0,76201.0,70772.0,2023,64628.0
New Orleans Saints,1188849,560164.0,628685.0,70024.0,72709.0,78043.0,70003.0,64628.0,71810.0,70009.0,65427.0,70006.0,66933.0,,70166.0,70003.0,70009.0,70038.0,73228.0,65741.0,2023,70072.0
New York Giants,1262352,634459.0,627893.0,80809.0,62080.0,71593.0,78507.0,65654.0,70515.0,81671.0,83367.0,62082.0,93338.0,62714.0,82211.0,,76637.0,70038.0,69879.0,75517.0,2023,75740.0
New York Jets,1285954,701011.0,584943.0,83345.0,93689.0,80876.0,80461.0,76387.0,83068.0,,83367.0,75407.0,62383.0,70603.0,82973.0,74455.0,72956.0,65967.0,67470.0,67919.0,2023,64628.0
Philadelphia Eagles,1223746,559032.0,664714.0,64628.0,69879.0,65426.0,69879.0,74935.0,83068.0,69879.0,64653.0,69879.0,,73754.0,69879.0,69879.0,93752.0,68758.0,69879.0,69879.0,2023,75740.0
Pittsburgh Steelers,1146477,602796.0,543681.0,67679.0,67576.0,62541.0,71399.0,67272.0,,73471.0,67225.0,65969.0,67617.0,67919.0,65090.0,66436.0,66376.0,64171.0,66646.0,68735.0,2023,70355.0
San Francisco 49ers,1186315,573245.0,613070.0,67679.0,74742.0,71593.0,71521.0,71617.0,67431.0,66975.0,71655.0,,69271.0,71607.0,68702.0,69879.0,71816.0,63967.0,71812.0,64424.0,2023,71624.0
Seattle Seahawks,1193230,549886.0,643344.0,68683.0,66434.0,68699.0,78507.0,,66385.0,68781.0,68807.0,70753.0,68721.0,72704.0,68702.0,93367.0,71816.0,68758.0,60181.0,68735.0,2023,63197.0
Tampa Bay Buccaneers,1140061,510321.0,629740.0,66741.0,62976.0,65426.0,70003.0,,65854.0,62620.0,70416.0,70785.0,62725.0,71607.0,64407.0,62432.0,69496.0,77275.0,62547.0,65741.0,2023,69010.0
Tennessee Titans,1117370,580686.0,536684.0,70024.0,67438.0,67919.0,68951.0,65287.0,61011.0,,68008.0,65969.0,62725.0,67175.0,62493.0,62641.0,66068.0,66219.0,60181.0,71517.0,2023,63744.0
Washington Commanders,1175750,511606.0,664144.0,64693.0,76108.0,64291.0,69879.0,63727.0,69921.0,81671.0,64653.0,64628.0,68721.0,62714.0,93711.0,63459.0,,72035.0,67470.0,64424.0,2023,63645.0
Arizona Cardinals,1138411,575780.0,562631.0,70542.0,63331.0,63650.0,63286.0,71310.0,77773.0,64357.0,65629.0,64609.0,64030.0,,68649.0,66873.0,64533.0,64135.0,68804.0,73051.0,2024,63849.0
Atlanta Falcons,1185384,642432.0,542952.0,72291.0,69879.0,72441.0,72204.0,70016.0,70884.0,70691.0,62787.0,72665.0,70005.0,76545.0,,72139.0,67008.0,62364.0,70404.0,63480.0,2024,69581.0
Baltimore Ravens,1220990,568423.0,652567.0,73611.0,70762.0,93566.0,70636.0,66341.0,71316.0,64828.0,67431.0,71051.0,71439.0,67551.0,70240.0,71344.0,,77455.0,71313.0,71544.0,2024,70562.0
Buffalo Bills,1192970,565564.0,627406.0,70542.0,65601.0,70316.0,70636.0,71427.0,81118.0,70842.0,68704.0,70862.0,66474.0,71112.0,,70437.0,73493.0,65327.0,70725.0,70728.0,2024,64626.0
Carolina Panthers,1175655,640515.0,535140.0,70007.0,70145.0,62417.0,77258.0,59307.0,70884.0,63380.0,76135.0,70292.0,70132.0,,73216.0,69214.0,69879.0,70570.0,68804.0,64434.0,2024,69581.0
Chicago Bears,1076006,527841.0,548165.0,59403.0,71412.0,66624.0,59074.0,59307.0,61182.0,,64704.0,64609.0,58912.0,59419.0,57659.0,64275.0,71662.0,67017.0,56539.0,56346.0,2024,77862.0
Cincinnati Bengals,1191765,530355.0,661410.0,66214.0,73558.0,66207.0,77258.0,66341.0,78809.0,68143.0,67239.0,65962.0,71439.0,70240.0,,66112.0,92587.0,63745.0,65734.0,66546.0,2024,65631.0
Cleveland Browns,1134676,541808.0,592868.0,67431.0,60105.0,68016.0,62401.0,59030.0,69879.0,68143.0,67431.0,67431.0,,70006.0,67431.0,68306.0,66845.0,67983.0,65734.0,67942.0,2024,70562.0
Dallas Cowboys,1401575,836749.0,564826.0,67431.0,93691.0,93566.0,80425.0,67380.0,93644.0,,71521.0,72665.0,93644.0,92969.0,64955.0,92196.0,92587.0,70570.0,93103.0,69879.0,2024,91349.0
Denver Broncos,1142969,515265.0,627704.0,68714.0,74215.0,62738.0,82243.0,72825.0,70743.0,70008.0,76135.0,71051.0,73704.0,76545.0,62460.0,68306.0,,76496.0,70240.0,66546.0,2024,
Detroit Lions,1153330,584300.0,569030.0,66530.0,64160.0,63650.0,66658.0,,93644.0,66971.0,64316.0,78330.0,71512.0,64273.0,66696.0,64275.0,63987.0,65327.0,56539.0,71688.0,2024,64774.0
Green Bay Packers,1214251,702030.0,512221.0,47236.0,77827.0,67322.0,78335.0,72842.0,77773.0,78197.0,65618.0,78330.0,,59419.0,78222.0,77599.0,63987.0,68766.0,77885.0,67031.0,2024,77862.0
Houston Texans,1216430,570666.0,645764.0,65306.0,71412.0,66843.0,71115.0,71427.0,64628.0,78197.0,71380.0,79818.0,71512.0,92969.0,71055.0,62588.0,,71221.0,73600.0,71544.0,2024,61815.0
Indianapolis Colts,1161683,526138.0,635545.0,65306.0,77827.0,66624.0,66376.0,60214.0,64302.0,66299.0,71380.0,66954.0,66474.0,80582.0,66696.0,64626.0,,76496.0,65322.0,73164.0,2024,63041.0
Jacksonville Jaguars,1114472,526117.0,588355.0,65582.0,60105.0,70316.0,71115.0,60214.0,61182.0,86651.0,65618.0,69879.0,65695.0,64273.0,,62588.0,61644.0,63251.0,61323.0,61995.0,2024,63041.0
Kansas City Chiefs,1144982,588837.0,556145.0,73611.0,73558.0,72441.0,70240.0,73592.0,,71309.0,62533.0,73574.0,73704.0,71112.0,73216.0,73627.0,73571.0,67983.0,73600.0,67311.0,2024,
Las Vegas Raiders,1122807,497403.0,625404.0,70240.0,70762.0,62417.0,62401.0,72825.0,62553.0,73267.0,62533.0,65962.0,,65440.0,62460.0,73627.0,63250.0,62364.0,61323.0,70031.0,2024,61352.0
Los Angeles Chargers,1170832,559732.0,611100.0,70240.0,70145.0,66734.0,70240.0,,70743.0,64357.0,70240.0,67431.0,68796.0,70240.0,70240.0,72139.0,73571.0,69496.0,70240.0,64628.0,2024,61352.0
Los Angeles Rams,1124537,584264.0,540273.0,66530.0,63331.0,,59074.0,72842.0,,73267.0,72127.0,68632.0,72474.0,64628.0,74400.0,70006.0,73493.0,71201.0,76871.0,73051.0,2024,72610.0
Miami Dolphins,1153651,525150.0,628501.0,65582.0,65601.0,68658.0,65291.0,64628.0,,66299.0,65629.0,70862.0,72474.0,65440.0,65479.0,77599.0,65787.0,71221.0,66341.0,67942.0,2024,68818.0
Minnesota Vikings,1153509,596577.0,556932.0,81908.0,66741.0,66843.0,78335.0,61139.0,,66971.0,72127.0,66954.0,65695.0,67686.0,57659.0,66873.0,67008.0,67017.0,68748.0,67031.0,2024,64774.0
New England Patriots,1147581,517078.0,630503.0,66214.0,64686.0,80812.0,71042.0,64628.0,64628.0,86651.0,64628.0,66533.0,58912.0,64628.0,65479.0,64626.0,,64135.0,70725.0,64628.0,2024,64626.0
New Orleans Saints,1227161,630113.0,597048.0,70007.0,93691.0,70006.0,72204.0,73592.0,70041.0,70008.0,70240.0,70292.0,70005.0,70006.0,,70006.0,76143.0,70003.0,77885.0,70031.0,2024,63001.0
New York Giants,1273642,706231.0,567411.0,81908.0,61841.0,68016.0,80425.0,68306.0,78809.0,82779.0,66637.0,77994.0,70132.0,,77554.0,92196.0,76143.0,77455.0,70404.0,73164.0,2024,69879.0
New York Jets,1224693,631346.0,593347.0,71319.0,65509.0,80812.0,82243.0,61139.0,81118.0,66956.0,64628.0,79818.0,64030.0,80582.0,,81084.0,65787.0,63251.0,76871.0,70728.0,2024,68818.0
Philadelphia Eagles,1194031,606268.0,587763.0,47236.0,69879.0,70006.0,64223.0,,69879.0,82779.0,67239.0,69879.0,93644.0,69879.0,74400.0,71344.0,69879.0,69879.0,64128.0,69879.0,2024,69879.0
Pittsburgh Steelers,1151407,535045.0,616362.0,72291.0,74215.0,66734.0,66376.0,67380.0,62553.0,66956.0,66637.0,,66192.0,67551.0,67431.0,66112.0,66845.0,69879.0,71313.0,67311.0,2024,65631.0
San Francisco 49ers,1122075,642803.0,479272.0,71319.0,66741.0,,71042.0,71310.0,68768.0,71309.0,71521.0,,64914.0,71751.0,78222.0,70437.0,71662.0,71201.0,66341.0,71688.0,2024,63849.0
Seattle Seahawks,1166304,617945.0,548359.0,68714.0,64686.0,68658.0,66658.0,68306.0,68768.0,70691.0,68704.0,68632.0,,71751.0,68649.0,81084.0,64533.0,68766.0,68748.0,56346.0,2024,72610.0
Tampa Bay Buccaneers,1160353,573195.0,587158.0,63020.0,64160.0,62738.0,64223.0,70016.0,70041.0,64828.0,62787.0,73574.0,64914.0,,77554.0,69214.0,63250.0,69496.0,93103.0,64434.0,2024,63001.0
Tennessee Titans,1108720,518556.0,590164.0,59403.0,65509.0,67322.0,65291.0,,64302.0,70842.0,64316.0,66533.0,68796.0,67686.0,71055.0,63144.0,61644.0,63745.0,65322.0,61995.0,2024,61815.0
Washington Commanders,1143908,570854.0,573054.0,63020.0,61841.0,66207.0,63286.0,59030.0,71316.0,63380.0,64704.0,77994.0,66192.0,69879.0,64955.0,63144.0,,70003.0,64128.0,63480.0,2024,91349.0
