date_id,date,day_of_week,weekend_flag,holiday_flag,holiday_before_flag,holiday_after_flag,holiday_adjacent_flag,month,quarter,year
20150910,2015-09-10,Thursday,False,False,False,False,False,9,3,2015
20150913,2015-09-13,Sunday,True,False,False,False,False,9,3,2015
20150914,2015-09-14,Monday,False,False,False,False,False,9,3,2015
20150917,2015-09-17,Thursday,False,False,False,False,False,9,3,2015
20150920,2015-09-20,Sunday,True,False,False,False,False,9,3,2015
20150921,2015-09-21,Monday,False,False,False,False,False,9,3,2015
20150924,2015-09-24,Thursday,False,False,False,False,False,9,3,2015
20150927,2015-09-27,Sunday,True,False,False,False,False,9,3,2015
20150928,2015-09-28,Monday,False,False,False,False,False,9,3,2015
20151001,2015-10-01,Thursday,False,False,False,False,False,10,4,2015
20151004,2015-10-04,Sunday,True,False,False,False,False,10,4,2015
20151005,2015-10-05,Monday,False,False,False,False,False,10,4,2015
20151008,2015-10-08,Thursday,False,False,False,False,False,10,4,2015
20151011,2015-10-11,Sunday,True,False,True,False,True,10,4,2015
20151012,2015-10-12,Monday,False,True,False,False,False,10,4,2015
20151015,2015-10-15,Thursday,False,False,False,False,False,10,4,2015
20151018,2015-10-18,Sunday,True,False,False,False,False,10,4,2015
20151019,2015-10-19,Monday,False,False,False,False,False,10,4,2015
20151022,2015-10-22,Thursday,False,False,False,False,False,10,4,2015
20151025,2015-10-25,Sunday,True,False,False,False,False,10,4,2015
20151026,2015-10-26,Monday,False,False,False,False,False,10,4,2015
20151029,2015-10-29,Thursday,False,False,False,False,False,10,4,2015
20151101,2015-11-01,Sunday,True,False,False,False,False,11,4,2015
20151102,2015-11-02,Monday,False,False,False,False,False,11,4,2015
20151105,2015-11-05,Thursday,False,False,False,False,False,11,4,2015
20151108,2015-11-08,Sunday,True,False,False,False,False,11,4,2015
20151109,2015-11-09,Monday,False,False,False,False,False,11,4,2015
20151112,2015-11-12,Thursday,False,False,False,False,False,11,4,2015
20151115,2015-11-15,Sunday,True,False,False,False,False,11,4,2015
20151116,2015-11-16,Monday,False,False,False,False,False,11,4,2015
20151119,2015-11-19,Thursday,False,False,False,False,False,11,4,2015
20151122,2015-11-22,Sunday,True,False,False,False,False,11,4,2015
20151123,2015-11-23,Monday,False,False,False,False,False,11,4,2015
20151126,2015-11-26,Thursday,False,True,False,False,False,11,4,2015
20151129,2015-11-29,Sunday,True,False,False,False,False,11,4,2015
20151130,2015-11-30,Monday,False,False,False,False,False,11,4,2015
20151203,2015-12-03,Thursday,False,False,False,False,False,12,4,2015
20151206,2015-12-06,Sunday,True,False,False,False,False,12,4,2015
20151207,2015-12-07,Monday,False,False,False,False,False,12,4,2015
20151210,2015-12-10,Thursday,False,False,False,False,False,12,4,2015
20151213,2015-12-13,Sunday,True,False,False,False,False,12,4,2015
20151214,2015-12-14,Monday,False,False,False,False,False,12,4,2015
20151217,2015-12-17,Thursday,False,False,False,False,False,12,4,2015
20151219,2015-12-19,Saturday,True,False,False,False,False,12,4,2015
20151220,2015-12-20,Sunday,True,False,False,False,False,12,4,2015
20151221,2015-12-21,Monday,False,False,False,False,False,12,4,2015
20151224,2015-12-24,Thursday,False,False,False,False,False,12,4,2015
20151226,2015-12-26,Saturday,True,False,False,False,False,12,4,2015
20151227,2015-12-27,Sunday,True,False,False,False,False,12,4,2015
20151228,2015-12-28,Monday,False,False,False,False,False,12,4,2015
20160103,2016-01-03,Sunday,True,False,False,False,False,1,1,2016
20160109,2016-01-09,Saturday,True,False,False,False,False,1,1,2016
20160110,2016-01-10,Sunday,True,False,False,False,False,1,1,2016
20160116,2016-01-16,Saturday,True,False,False,False,False,1,1,2016
20160117,2016-01-17,Sunday,True,False,False,False,False,1,1,2016
20160124,2016-01-24,Sunday,True,False,False,False,False,1,1,2016
20160207,2016-02-07,Sunday,True,False,False,False,False,2,1,2016
20160908,2016-09-08,Thursday,False,False,False,False,False,9,3,2016
20160911,2016-09-11,Sunday,True,False,False,False,False,9,3,2016
20160912,2016-09-12,Monday,False,False,False,False,False,9,3,2016
20160915,2016-09-15,Thursday,False,False,False,False,False,9,3,2016
20160918,2016-09-18,Sunday,True,False,False,False,False,9,3,2016
20160919,2016-09-19,Monday,False,False,False,False,False,9,3,2016
20160922,2016-09-22,Thursday,False,False,False,False,False,9,3,2016
20160925,2016-09-25,Sunday,True,False,False,False,False,9,3,2016
20160926,2016-09-26,Monday,False,False,False,False,False,9,3,2016
20160929,2016-09-29,Thursday,False,False,False,False,False,9,3,2016
20161002,2016-10-02,Sunday,True,False,False,False,False,10,4,2016
20161003,2016-10-03,Monday,False,False,False,False,False,10,4,2016
20161006,2016-10-06,Thursday,False,False,False,False,False,10,4,2016
20161009,2016-10-09,Sunday,True,False,True,False,True,10,4,2016
20161010,2016-10-10,Monday,False,True,False,False,False,10,4,2016
20161013,2016-10-13,Thursday,False,False,False,False,False,10,4,2016
20161016,2016-10-16,Sunday,True,False,False,False,False,10,4,2016
20161017,2016-10-17,Monday,False,False,False,False,False,10,4,2016
20161020,2016-10-20,Thursday,False,False,False,False,False,10,4,2016
20161023,2016-10-23,Sunday,True,False,False,False,False,10,4,2016
20161024,2016-10-24,Monday,False,False,False,False,False,10,4,2016
20161027,2016-10-27,Thursday,False,False,False,False,False,10,4,2016
20161030,2016-10-30,Sunday,True,False,False,False,False,10,4,2016
20161031,2016-10-31,Monday,False,False,False,False,False,10,4,2016
20161103,2016-11-03,Thursday,False,False,False,False,False,11,4,2016
20161106,2016-11-06,Sunday,True,False,False,False,False,11,4,2016
20161107,2016-11-07,Monday,False,False,False,False,False,11,4,2016
20161110,2016-11-10,Thursday,False,False,False,False,False,11,4,2016
20161113,2016-11-13,Sunday,True,False,False,False,False,11,4,2016
20161114,2016-11-14,Monday,False,False,False,False,False,11,4,2016
20161117,2016-11-17,Thursday,False,False,False,False,False,11,4,2016
20161120,2016-11-20,Sunday,True,False,False,False,False,11,4,2016
20161121,2016-11-21,Monday,False,False,False,False,False,11,4,2016
20161124,2016-11-24,Thursday,False,True,False,False,False,11,4,2016
20161127,2016-11-27,Sunday,True,False,False,False,False,11,4,2016
20161128,2016-11-28,Monday,False,False,False,False,False,11,4,2016
20161201,2016-12-01,Thursday,False,False,False,False,False,12,4,2016
20161204,2016-12-04,Sunday,True,False,False,False,False,12,4,2016
20161205,2016-12-05,Monday,False,False,False,False,False,12,4,2016
20161208,2016-12-08,Thursday,False,False,False,False,False,12,4,2016
20161211,2016-12-11,Sunday,True,False,False,False,False,12,4,2016
20161212,2016-12-12,Monday,False,False,False,False,False,12,4,2016
20161215,2016-12-15,Thursday,False,False,False,False,False,12,4,2016
20161217,2016-12-17,Saturday,True,False,False,False,False,12,4,2016
20161218,2016-12-18,Sunday,True,False,False,False,False,12,4,2016
20161219,2016-12-19,Monday,False,False,False,False,False,12,4,2016
20161222,2016-12-22,Thursday,False,False,False,False,False,12,4,2016
20161224,2016-12-24,Saturday,True,False,False,False,False,12,4,2016
20161225,2016-12-25,Sunday,True,False,True,False,True,12,4,2016
20161226,2016-12-26,Monday,False,True,False,False,False,12,4,2016
20170101,2017-01-01,Sunday,True,False,False,False,False,1,1,2017
20170107,2017-01-07,Saturday,True,False,False,False,False,1,1,2017
20170108,2017-01-08,Sunday,True,False,False,False,False,1,1,2017
20170114,2017-01-14,Saturday,True,False,False,False,False,1,1,2017
20170115,2017-01-15,Sunday,True,False,False,False,False,1,1,2017
20170122,2017-01-22,Sunday,True,False,False,False,False,1,1,2017
20170205,2017-02-05,Sunday,True,False,False,False,False,2,1,2017
20170907,2017-09-07,Thursday,False,False,False,False,False,9,3,2017
20170910,2017-09-10,Sunday,True,False,False,False,False,9,3,2017
20170911,2017-09-11,Monday,False,False,False,False,False,9,3,2017
20170914,2017-09-14,Thursday,False,False,False,False,False,9,3,2017
20170917,2017-09-17,Sunday,True,False,False,False,False,9,3,2017
20170918,2017-09-18,Monday,False,False,False,False,False,9,3,2017
20170921,2017-09-21,Thursday,False,False,False,False,False,9,3,2017
20170924,2017-09-24,Sunday,True,False,False,False,False,9,3,2017
20170925,2017-09-25,Monday,False,False,False,False,False,9,3,2017
20170928,2017-09-28,Thursday,False,False,False,False,False,9,3,2017
20171001,2017-10-01,Sunday,True,False,False,False,False,10,4,2017
20171002,2017-10-02,Monday,False,False,False,False,False,10,4,2017
20171005,2017-10-05,Thursday,False,False,False,False,False,10,4,2017
20171008,2017-10-08,Sunday,True,False,True,False,True,10,4,2017
20171009,2017-10-09,Monday,False,True,False,False,False,10,4,2017
20171012,2017-10-12,Thursday,False,False,False,False,False,10,4,2017
20171015,2017-10-15,Sunday,True,False,False,False,False,10,4,2017
20171016,2017-10-16,Monday,False,False,False,False,False,10,4,2017
20171019,2017-10-19,Thursday,False,False,False,False,False,10,4,2017
20171022,2017-10-22,Sunday,True,False,False,False,False,10,4,2017
20171023,2017-10-23,Monday,False,False,False,False,False,10,4,2017
20171026,2017-10-26,Thursday,False,False,False,False,False,10,4,2017
20171029,2017-10-29,Sunday,True,False,False,False,False,10,4,2017
20171030,2017-10-30,Monday,False,False,False,False,False,10,4,2017
20171102,2017-11-02,Thursday,False,False,False,False,False,11,4,2017
20171105,2017-11-05,Sunday,True,False,False,False,False,11,4,2017
20171106,2017-11-06,Monday,False,False,False,False,False,11,4,2017
20171109,2017-11-09,Thursday,False,False,False,False,False,11,4,2017
20171112,2017-11-12,Sunday,True,False,False,False,False,11,4,2017
20171113,2017-11-13,Monday,False,False,False,False,False,11,4,2017
20171116,2017-11-16,Thursday,False,False,False,False,False,11,4,2017
20171119,2017-11-19,Sunday,True,False,False,False,False,11,4,2017
20171120,2017-11-20,Monday,False,False,False,False,False,11,4,2017
20171123,2017-11-23,Thursday,False,True,False,False,False,11,4,2017
20171126,2017-11-26,Sunday,True,False,False,False,False,11,4,2017
20171127,2017-11-27,Monday,False,False,False,False,False,11,4,2017
20171130,2017-11-30,Thursday,False,False,False,False,False,11,4,2017
20171203,2017-12-03,Sunday,True,False,False,False,False,12,4,2017
20171204,2017-12-04,Monday,False,False,False,False,False,12,4,2017
20171207,2017-12-07,Thursday,False,False,False,False,False,12,4,2017
20171210,2017-12-10,Sunday,True,False,False,False,False,12,4,2017
20171211,2017-12-11,Monday,False,False,False,False,False,12,4,2017
20171214,2017-12-14,Thursday,False,False,False,False,False,12,4,2017
20171216,2017-12-16,Saturday,True,False,False,False,False,12,4,2017
20171217,2017-12-17,Sunday,True,False,False,False,False,12,4,2017
20171218,2017-12-18,Monday,False,False,False,False,False,12,4,2017
20171223,2017-12-23,Saturday,True,False,False,False,False,12,4,2017
20171224,2017-12-24,Sunday,True,False,True,False,True,12,4,2017
20171225,2017-12-25,Monday,False,True,False,False,False,12,4,2017
20171231,2017-12-31,Sunday,True,False,False,False,False,12,4,2017
20180106,2018-01-06,Saturday,True,False,False,False,False,1,1,2018
20180107,2018-01-07,Sunday,True,False,False,False,False,1,1,2018
20180113,2018-01-13,Saturday,True,False,False,False,False,1,1,2018
20180114,2018-01-14,Sunday,True,False,False,False,False,1,1,2018
20180121,2018-01-21,Sunday,True,False,False,False,False,1,1,2018
20180204,2018-02-04,Sunday,True,False,False,False,False,2,1,2018
20180906,2018-09-06,Thursday,False,False,False,False,False,9,3,2018
20180909,2018-09-09,Sunday,True,False,False,False,False,9,3,2018
20180910,2018-09-10,Monday,False,False,False,False,False,9,3,2018
20180913,2018-09-13,Thursday,False,False,False,False,False,9,3,2018
20180916,2018-09-16,Sunday,True,False,False,False,False,9,3,2018
20180917,2018-09-17,Monday,False,False,False,False,False,9,3,2018
20180920,2018-09-20,Thursday,False,False,False,False,False,9,3,2018
20180923,2018-09-23,Sunday,True,False,False,False,False,9,3,2018
20180924,2018-09-24,Monday,False,False,False,False,False,9,3,2018
20180927,2018-09-27,Thursday,False,False,False,False,False,9,3,2018
20180930,2018-09-30,Sunday,True,False,False,False,False,9,3,2018
20181001,2018-10-01,Monday,False,False,False,False,False,10,4,2018
20181004,2018-10-04,Thursday,False,False,False,False,False,10,4,2018
20181007,2018-10-07,Sunday,True,False,True,False,True,10,4,2018
20181008,2018-10-08,Monday,False,True,False,False,False,10,4,2018
20181011,2018-10-11,Thursday,False,False,False,False,False,10,4,2018
20181014,2018-10-14,Sunday,True,False,False,False,False,10,4,2018
20181015,2018-10-15,Monday,False,False,False,False,False,10,4,2018
20181018,2018-10-18,Thursday,False,False,False,False,False,10,4,2018
20181021,2018-10-21,Sunday,True,False,False,False,False,10,4,2018
20181022,2018-10-22,Monday,False,False,False,False,False,10,4,2018
20181025,2018-10-25,Thursday,False,False,False,False,False,10,4,2018
20181028,2018-10-28,Sunday,True,False,False,False,False,10,4,2018
20181029,2018-10-29,Monday,False,False,False,False,False,10,4,2018
20181101,2018-11-01,Thursday,False,False,False,False,False,11,4,2018
20181104,2018-11-04,Sunday,True,False,False,False,False,11,4,2018
20181105,2018-11-05,Monday,False,False,False,False,False,11,4,2018
20181108,2018-11-08,Thursday,False,False,False,False,False,11,4,2018
20181111,2018-11-11,Sunday,True,False,True,False,True,11,4,2018
20181112,2018-11-12,Monday,False,True,False,False,False,11,4,2018
20181115,2018-11-15,Thursday,False,False,False,False,False,11,4,2018
20181118,2018-11-18,Sunday,True,False,False,False,False,11,4,2018
20181119,2018-11-19,Monday,False,False,False,False,False,11,4,2018
20181122,2018-11-22,Thursday,False,True,False,False,False,11,4,2018
20181125,2018-11-25,Sunday,True,False,False,False,False,11,4,2018
20181126,2018-11-26,Monday,False,False,False,False,False,11,4,2018
20181129,2018-11-29,Thursday,False,False,False,False,False,11,4,2018
20181202,2018-12-02,Sunday,True,False,False,False,False,12,4,2018
20181203,2018-12-03,Monday,False,False,False,False,False,12,4,2018
20181206,2018-12-06,Thursday,False,False,False,False,False,12,4,2018
20181209,2018-12-09,Sunday,True,False,False,False,False,12,4,2018
20181210,2018-12-10,Monday,False,False,False,False,False,12,4,2018
20181213,2018-12-13,Thursday,False,False,False,False,False,12,4,2018
20181215,2018-12-15,Saturday,True,False,False,False,False,12,4,2018
20181216,2018-12-16,Sunday,True,False,False,False,False,12,4,2018
20181217,2018-12-17,Monday,False,False,False,False,False,12,4,2018
20181222,2018-12-22,Saturday,True,False,False,False,False,12,4,2018
20181223,2018-12-23,Sunday,True,False,False,False,False,12,4,2018
20181224,2018-12-24,Monday,False,False,False,False,False,12,4,2018
20181230,2018-12-30,Sunday,True,False,False,False,False,12,4,2018
20190105,2019-01-05,Saturday,True,False,False,False,False,1,1,2019
20190106,2019-01-06,Sunday,True,False,False,False,False,1,1,2019
20190112,2019-01-12,Saturday,True,False,False,False,False,1,1,2019
20190113,2019-01-13,Sunday,True,False,False,False,False,1,1,2019
20190120,2019-01-20,Sunday,True,False,False,False,False,1,1,2019
20190203,2019-02-03,Sunday,True,False,False,False,False,2,1,2019
20190905,2019-09-05,Thursday,False,False,False,False,False,9,3,2019
20190908,2019-09-08,Sunday,True,False,False,False,False,9,3,2019
20190909,2019-09-09,Monday,False,False,False,False,False,9,3,2019
20190912,2019-09-12,Thursday,False,False,False,False,False,9,3,2019
20190915,2019-09-15,Sunday,True,False,False,False,False,9,3,2019
20190916,2019-09-16,Monday,False,False,False,False,False,9,3,2019
20190919,2019-09-19,Thursday,False,False,False,False,False,9,3,2019
20190922,2019-09-22,Sunday,True,False,False,False,False,9,3,2019
20190923,2019-09-23,Monday,False,False,False,False,False,9,3,2019
20190926,2019-09-26,Thursday,False,False,False,False,False,9,3,2019
20190929,2019-09-29,Sunday,True,False,False,False,False,9,3,2019
20190930,2019-09-30,Monday,False,False,False,False,False,9,3,2019
20191003,2019-10-03,Thursday,False,False,False,False,False,10,4,2019
20191006,2019-10-06,Sunday,True,False,False,False,False,10,4,2019
20191007,2019-10-07,Monday,False,False,False,False,False,10,4,2019
20191010,2019-10-10,Thursday,False,False,False,False,False,10,4,2019
20191013,2019-10-13,Sunday,True,False,True,False,True,10,4,2019
20191014,2019-10-14,Monday,False,True,False,False,False,10,4,2019
20191017,2019-10-17,Thursday,False,False,False,False,False,10,4,2019
20191020,2019-10-20,Sunday,True,False,False,False,False,10,4,2019
20191021,2019-10-21,Monday,False,False,False,False,False,10,4,2019
20191024,2019-10-24,Thursday,False,False,False,False,False,10,4,2019
20191027,2019-10-27,Sunday,True,False,False,False,False,10,4,2019
20191028,2019-10-28,Monday,False,False,False,False,False,10,4,2019
20191031,2019-10-31,Thursday,False,False,False,False,False,10,4,2019
20191103,2019-11-03,Sunday,True,False,False,False,False,11,4,2019
20191104,2019-11-04,Monday,False,False,False,False,False,11,4,2019
20191107,2019-11-07,Thursday,False,False,False,False,False,11,4,2019
20191110,2019-11-10,Sunday,True,False,True,False,True,11,4,2019
20191111,2019-11-11,Monday,False,True,False,False,False,11,4,2019
20191114,2019-11-14,Thursday,False,False,False,False,False,11,4,2019
20191117,2019-11-17,Sunday,True,False,False,False,False,11,4,2019
20191118,2019-11-18,Monday,False,False,False,False,False,11,4,2019
20191121,2019-11-21,Thursday,False,False,False,False,False,11,4,2019
20191124,2019-11-24,Sunday,True,False,False,False,False,11,4,2019
20191125,2019-11-25,Monday,False,False,False,False,False,11,4,2019
20191128,2019-11-28,Thursday,False,True,False,False,False,11,4,2019
20191201,2019-12-01,Sunday,True,False,False,False,False,12,4,2019
20191202,2019-12-02,Monday,False,False,False,False,False,12,4,2019
20191205,2019-12-05,Thursday,False,False,False,False,False,12,4,2019
20191208,2019-12-08,Sunday,True,False,False,False,False,12,4,2019
20191209,2019-12-09,Monday,False,False,False,False,False,12,4,2019
20191212,2019-12-12,Thursday,False,False,False,False,False,12,4,2019
20191215,2019-12-15,Sunday,True,False,False,False,False,12,4,2019
20191216,2019-12-16,Monday,False,False,False,False,False,12,4,2019
20191221,2019-12-21,Saturday,True,False,False,False,False,12,4,2019
20191222,2019-12-22,Sunday,True,False,False,False,False,12,4,2019
20191223,2019-12-23,Monday,False,False,False,False,False,12,4,2019
20191229,2019-12-29,Sunday,True,False,False,False,False,12,4,2019
20200104,2020-01-04,Saturday,True,False,False,False,False,1,1,2020
20200105,2020-01-05,Sunday,True,False,False,False,False,1,1,2020
20200111,2020-01-11,Saturday,True,False,False,False,False,1,1,2020
20200112,2020-01-12,Sunday,True,False,False,False,False,1,1,2020
20200119,2020-01-19,Sunday,True,False,False,False,False,1,1,2020
20200202,2020-02-02,Sunday,True,False,False,False,False,2,1,2020
20200910,2020-09-10,Thursday,False,False,False,False,False,9,3,2020
20200913,2020-09-13,Sunday,True,False,False,False,False,9,3,2020
20200914,2020-09-14,Monday,False,False,False,False,False,9,3,2020
20200917,2020-09-17,Thursday,False,False,False,False,False,9,3,2020
20200920,2020-09-20,Sunday,True,False,False,False,False,9,3,2020
20200921,2020-09-21,Monday,False,False,False,False,False,9,3,2020
20200924,2020-09-24,Thursday,False,False,False,False,False,9,3,2020
20200927,2020-09-27,Sunday,True,False,False,False,False,9,3,2020
20200928,2020-09-28,Monday,False,False,False,False,False,9,3,2020
20201001,2020-10-01,Thursday,False,False,False,False,False,10,4,2020
20201004,2020-10-04,Sunday,True,False,False,False,False,10,4,2020
20201005,2020-10-05,Monday,False,False,False,False,False,10,4,2020
20201008,2020-10-08,Thursday,False,False,False,False,False,10,4,2020
20201011,2020-10-11,Sunday,True,False,True,False,True,10,4,2020
20201012,2020-10-12,Monday,False,True,False,False,False,10,4,2020
20201013,2020-10-13,Tuesday,False,False,False,True,True,10,4,2020
20201018,2020-10-18,Sunday,True,False,False,False,False,10,4,2020
20201019,2020-10-19,Monday,False,False,False,False,False,10,4,2020
20201022,2020-10-22,Thursday,False,False,False,False,False,10,4,2020
20201025,2020-10-25,Sunday,True,False,False,False,False,10,4,2020
20201026,2020-10-26,Monday,False,False,False,False,False,10,4,2020
20201029,2020-10-29,Thursday,False,False,False,False,False,10,4,2020
20201101,2020-11-01,Sunday,True,False,False,False,False,11,4,2020
20201102,2020-11-02,Monday,False,False,False,False,False,11,4,2020
20201105,2020-11-05,Thursday,False,False,False,False,False,11,4,2020
20201108,2020-11-08,Sunday,True,False,False,False,False,11,4,2020
20201109,2020-11-09,Monday,False,False,False,False,False,11,4,2020
20201112,2020-11-12,Thursday,False,False,False,False,False,11,4,2020
20201115,2020-11-15,Sunday,True,False,False,False,False,11,4,2020
20201116,2020-11-16,Monday,False,False,False,False,False,11,4,2020
20201119,2020-11-19,Thursday,False,False,False,False,False,11,4,2020
20201122,2020-11-22,Sunday,True,False,False,False,False,11,4,2020
20201123,2020-11-23,Monday,False,False,False,False,False,11,4,2020
20201126,2020-11-26,Thursday,False,True,False,False,False,11,4,2020
20201129,2020-11-29,Sunday,True,False,False,False,False,11,4,2020
20201130,2020-11-30,Monday,False,False,False,False,False,11,4,2020
20201202,2020-12-02,Wednesday,False,False,False,False,False,12,4,2020
20201206,2020-12-06,Sunday,True,False,False,False,False,12,4,2020
20201207,2020-12-07,Monday,False,False,False,False,False,12,4,2020
20201208,2020-12-08,Tuesday,False,False,False,False,False,12,4,2020
20201210,2020-12-10,Thursday,False,False,False,False,False,12,4,2020
20201213,2020-12-13,Sunday,True,False,False,False,False,12,4,2020
20201214,2020-12-14,Monday,False,False,False,False,False,12,4,2020
20201217,2020-12-17,Thursday,False,False,False,False,False,12,4,2020
20201219,2020-12-19,Saturday,True,False,False,False,False,12,4,2020
20201220,2020-12-20,Sunday,True,False,False,False,False,12,4,2020
20201221,2020-12-21,Monday,False,False,False,False,False,12,4,2020
20201225,2020-12-25,Friday,False,True,False,False,False,12,4,2020
20201226,2020-12-26,Saturday,True,False,False,True,True,12,4,2020
20201227,2020-12-27,Sunday,True,False,False,False,False,12,4,2020
20201228,2020-12-28,Monday,False,False,False,False,False,12,4,2020
20210103,2021-01-03,Sunday,True,False,False,False,False,1,1,2021
20210109,2021-01-09,Saturday,True,False,False,False,False,1,1,2021
20210110,2021-01-10,Sunday,True,False,False,False,False,1,1,2021
20210116,2021-01-16,Saturday,True,False,False,False,False,1,1,2021
20210117,2021-01-17,Sunday,True,False,False,False,False,1,1,2021
20210124,2021-01-24,Sunday,True,False,False,False,False,1,1,2021
20210207,2021-02-07,Sunday,True,False,False,False,False,2,1,2021
20210909,2021-09-09,Thursday,False,False,False,False,False,9,3,2021
20210912,2021-09-12,Sunday,True,False,False,False,False,9,3,2021
20210913,2021-09-13,Monday,False,False,False,False,False,9,3,2021
20210916,2021-09-16,Thursday,False,False,False,False,False,9,3,2021
20210919,2021-09-19,Sunday,True,False,False,False,False,9,3,2021
20210920,2021-09-20,Monday,False,False,False,False,False,9,3,2021
20210923,2021-09-23,Thursday,False,False,False,False,False,9,3,2021
20210926,2021-09-26,Sunday,True,False,False,False,False,9,3,2021
20210927,2021-09-27,Monday,False,False,False,False,False,9,3,2021
20210930,2021-09-30,Thursday,False,False,False,False,False,9,3,2021
20211003,2021-10-03,Sunday,True,False,False,False,False,10,4,2021
20211004,2021-10-04,Monday,False,False,False,False,False,10,4,2021
20211007,2021-10-07,Thursday,False,False,False,False,False,10,4,2021
20211010,2021-10-10,Sunday,True,False,True,False,True,10,4,2021
20211011,2021-10-11,Monday,False,True,False,False,False,10,4,2021
20211014,2021-10-14,Thursday,False,False,False,False,False,10,4,2021
20211017,2021-10-17,Sunday,True,False,False,False,False,10,4,2021
20211018,2021-10-18,Monday,False,False,False,False,False,10,4,2021
20211021,2021-10-21,Thursday,False,False,False,False,False,10,4,2021
20211024,2021-10-24,Sunday,True,False,False,False,False,10,4,2021
20211025,2021-10-25,Monday,False,False,False,False,False,10,4,2021
20211028,2021-10-28,Thursday,False,False,False,False,False,10,4,2021
20211031,2021-10-31,Sunday,True,False,False,False,False,10,4,2021
20211101,2021-11-01,Monday,False,False,False,False,False,11,4,2021
20211104,2021-11-04,Thursday,False,False,False,False,False,11,4,2021
20211107,2021-11-07,Sunday,True,False,False,False,False,11,4,2021
20211108,2021-11-08,Monday,False,False,False,False,False,11,4,2021
20211111,2021-11-11,Thursday,False,True,False,False,False,11,4,2021
20211114,2021-11-14,Sunday,True,False,False,False,False,11,4,2021
20211115,2021-11-15,Monday,False,False,False,False,False,11,4,2021
20211118,2021-11-18,Thursday,False,False,False,False,False,11,4,2021
20211121,2021-11-21,Sunday,True,False,False,False,False,11,4,2021
20211122,2021-11-22,Monday,False,False,False,False,False,11,4,2021
20211125,2021-11-25,Thursday,False,True,False,False,False,11,4,2021
20211128,2021-11-28,Sunday,True,False,False,False,False,11,4,2021
20211129,2021-11-29,Monday,False,False,False,False,False,11,4,2021
20211202,2021-12-02,Thursday,False,False,False,False,False,12,4,2021
20211205,2021-12-05,Sunday,True,False,False,False,False,12,4,2021
20211206,2021-12-06,Monday,False,False,False,False,False,12,4,2021
20211209,2021-12-09,Thursday,False,False,False,False,False,12,4,2021
20211212,2021-12-12,Sunday,True,False,False,False,False,12,4,2021
20211213,2021-12-13,Monday,False,False,False,False,False,12,4,2021
20211216,2021-12-16,Thursday,False,False,False,False,False,12,4,2021
20211218,2021-12-18,Saturday,True,False,False,False,False,12,4,2021
20211219,2021-12-19,Sunday,True,False,False,False,False,12,4,2021
20211220,2021-12-20,Monday,False,False,False,False,False,12,4,2021
20211221,2021-12-21,Tuesday,False,False,False,False,False,12,4,2021
20211223,2021-12-23,Thursday,False,False,False,False,False,12,4,2021
20211225,2021-12-25,Saturday,True,False,False,False,False,12,4,2021
20211226,2021-12-26,Sunday,True,False,False,False,False,12,4,2021
20211227,2021-12-27,Monday,False,False,False,False,False,12,4,2021
20220102,2022-01-02,Sunday,True,False,False,False,False,1,1,2022
20220103,2022-01-03,Monday,False,False,False,False,False,1,1,2022
20220108,2022-01-08,Saturday,True,False,False,False,False,1,1,2022
20220109,2022-01-09,Sunday,True,False,False,False,False,1,1,2022
20220115,2022-01-15,Saturday,True,False,False,False,False,1,1,2022
20220116,2022-01-16,Sunday,True,False,True,False,True,1,1,2022
20220117,2022-01-17,Monday,False,True,False,False,False,1,1,2022
20220122,2022-01-22,Saturday,True,False,False,False,False,1,1,2022
20220123,2022-01-23,Sunday,True,False,False,False,False,1,1,2022
20220130,2022-01-30,Sunday,True,False,False,False,False,1,1,2022
20220213,2022-02-13,Sunday,True,False,False,False,False,2,1,2022
20220908,2022-09-08,Thursday,False,False,False,False,False,9,3,2022
20220911,2022-09-11,Sunday,True,False,False,False,False,9,3,2022
20220912,2022-09-12,Monday,False,False,False,False,False,9,3,2022
20220915,2022-09-15,Thursday,False,False,False,False,False,9,3,2022
20220918,2022-09-18,Sunday,True,False,False,False,False,9,3,2022
20220919,2022-09-19,Monday,False,False,False,False,False,9,3,2022
20220922,2022-09-22,Thursday,False,False,False,False,False,9,3,2022
20220925,2022-09-25,Sunday,True,False,False,False,False,9,3,2022
20220926,2022-09-26,Monday,False,False,False,False,False,9,3,2022
20220929,2022-09-29,Thursday,False,False,False,False,False,9,3,2022
20221002,2022-10-02,Sunday,True,False,False,False,False,10,4,2022
20221003,2022-10-03,Monday,False,False,False,False,False,10,4,2022
20221006,2022-10-06,Thursday,False,False,False,False,False,10,4,2022
20221009,2022-10-09,Sunday,True,False,True,False,True,10,4,2022
20221010,2022-10-10,Monday,False,True,False,False,False,10,4,2022
20221013,2022-10-13,Thursday,False,False,False,False,False,10,4,2022
20221016,2022-10-16,Sunday,True,False,False,False,False,10,4,2022
20221017,2022-10-17,Monday,False,False,False,False,False,10,4,2022
20221020,2022-10-20,Thursday,False,False,False,False,False,10,4,2022
20221023,2022-10-23,Sunday,True,False,False,False,False,10,4,2022
20221024,2022-10-24,Monday,False,False,False,False,False,10,4,2022
20221027,2022-10-27,Thursday,False,False,False,False,False,10,4,2022
20221030,2022-10-30,Sunday,True,False,False,False,False,10,4,2022
20221031,2022-10-31,Monday,False,False,False,False,False,10,4,2022
20221103,2022-11-03,Thursday,False,False,False,False,False,11,4,2022
20221106,2022-11-06,Sunday,True,False,False,False,False,11,4,2022
20221107,2022-11-07,Monday,False,False,False,False,False,11,4,2022
20221110,2022-11-10,Thursday,False,False,False,False,False,11,4,2022
20221113,2022-11-13,Sunday,True,False,False,False,False,11,4,2022
20221114,2022-11-14,Monday,False,False,False,False,False,11,4,2022
20221117,2022-11-17,Thursday,False,False,False,False,False,11,4,2022
20221120,2022-11-20,Sunday,True,False,False,False,False,11,4,2022
20221121,2022-11-21,Monday,False,False,False,False,False,11,4,2022
20221124,2022-11-24,Thursday,False,True,False,False,False,11,4,2022
20221127,2022-11-27,Sunday,True,False,False,False,False,11,4,2022
20221128,2022-11-28,Monday,False,False,False,False,False,11,4,2022
20221201,2022-12-01,Thursday,False,False,False,False,False,12,4,2022
20221204,2022-12-04,Sunday,True,False,False,False,False,12,4,2022
20221205,2022-12-05,Monday,False,False,False,False,False,12,4,2022
20221208,2022-12-08,Thursday,False,False,False,False,False,12,4,2022
20221211,2022-12-11,Sunday,True,False,False,False,False,12,4,2022
20221212,2022-12-12,Monday,False,False,False,False,False,12,4,2022
20221215,2022-12-15,Thursday,False,False,False,False,False,12,4,2022
20221217,2022-12-17,Saturday,True,False,False,False,False,12,4,2022
20221218,2022-12-18,Sunday,True,False,False,False,False,12,4,2022
20221219,2022-12-19,Monday,False,False,False,False,False,12,4,2022
20221222,2022-12-22,Thursday,False,False,False,False,False,12,4,2022
20221224,2022-12-24,Saturday,True,False,False,False,False,12,4,2022
20221225,2022-12-25,Sunday,True,False,True,False,True,12,4,2022
20221226,2022-12-26,Monday,False,True,False,False,False,12,4,2022
20221229,2022-12-29,Thursday,False,False,False,False,False,12,4,2022
20230101,2023-01-01,Sunday,True,False,False,False,False,1,1,2023
20230107,2023-01-07,Saturday,True,False,False,False,False,1,1,2023
20230108,2023-01-08,Sunday,True,False,False,False,False,1,1,2023
20230114,2023-01-14,Saturday,True,False,False,False,False,1,1,2023
20230115,2023-01-15,Sunday,True,False,True,False,True,1,1,2023
20230116,2023-01-16,Monday,False,True,False,False,False,1,1,2023
20230121,2023-01-21,Saturday,True,False,False,False,False,1,1,2023
20230122,2023-01-22,Sunday,True,False,False,False,False,1,1,2023
20230129,2023-01-29,Sunday,True,False,False,False,False,1,1,2023
20230212,2023-02-12,Sunday,True,False,False,False,False,2,1,2023
20230907,2023-09-07,Thursday,False,False,False,False,False,9,3,2023
20230910,2023-09-10,Sunday,True,False,False,False,False,9,3,2023
20230911,2023-09-11,Monday,False,False,False,False,False,9,3,2023
20230914,2023-09-14,Thursday,False,False,False,False,False,9,3,2023
20230917,2023-09-17,Sunday,True,False,False,False,False,9,3,2023
20230918,2023-09-18,Monday,False,False,False,False,False,9,3,2023
20230921,2023-09-21,Thursday,False,False,False,False,False,9,3,2023
20230924,2023-09-24,Sunday,True,False,False,False,False,9,3,2023
20230925,2023-09-25,Monday,False,False,False,False,False,9,3,2023
20230928,2023-09-28,Thursday,False,False,False,False,False,9,3,2023
20231001,2023-10-01,Sunday,True,False,False,False,False,10,4,2023
20231002,2023-10-02,Monday,False,False,False,False,False,10,4,2023
20231005,2023-10-05,Thursday,False,False,False,False,False,10,4,2023
20231008,2023-10-08,Sunday,True,False,True,False,True,10,4,2023
20231009,2023-10-09,Monday,False,True,False,False,False,10,4,2023
20231012,2023-10-12,Thursday,False,False,False,False,False,10,4,2023
20231015,2023-10-15,Sunday,True,False,False,False,False,10,4,2023
20231016,2023-10-16,Monday,False,False,False,False,False,10,4,2023
20231019,2023-10-19,Thursday,False,False,False,False,False,10,4,2023
20231022,2023-10-22,Sunday,True,False,False,False,False,10,4,2023
20231023,2023-10-23,Monday,False,False,False,False,False,10,4,2023
20231026,2023-10-26,Thursday,False,False,False,False,False,10,4,2023
20231029,2023-10-29,Sunday,True,False,False,False,False,10,4,2023
20231030,2023-10-30,Monday,False,False,False,False,False,10,4,2023
20231102,2023-11-02,Thursday,False,False,False,False,False,11,4,2023
20231105,2023-11-05,Sunday,True,False,False,False,False,11,4,2023
20231106,2023-11-06,Monday,False,False,False,False,False,11,4,2023
20231109,2023-11-09,Thursday,False,False,False,False,False,11,4,2023
20231112,2023-11-12,Sunday,True,False,False,False,False,11,4,2023
20231113,2023-11-13,Monday,False,False,False,False,False,11,4,2023
20231116,2023-11-16,Thursday,False,False,False,False,False,11,4,2023
20231119,2023-11-19,Sunday,True,False,False,False,False,11,4,2023
20231120,2023-11-20,Monday,False,False,False,False,False,11,4,2023
20231123,2023-11-23,Thursday,False,True,False,False,False,11,4,2023
20231124,2023-11-24,Friday,False,False,False,True,True,11,4,2023
20231126,2023-11-26,Sunday,True,False,False,False,False,11,4,2023
20231127,2023-11-27,Monday,False,False,False,False,False,11,4,2023
20231130,2023-11-30,Thursday,False,False,False,False,False,11,4,2023
20231203,2023-12-03,Sunday,True,False,False,False,False,12,4,2023
20231204,2023-12-04,Monday,False,False,False,False,False,12,4,2023
20231207,2023-12-07,Thursday,False,False,False,False,False,12,4,2023
20231210,2023-12-10,Sunday,True,False,False,False,False,12,4,2023
20231211,2023-12-11,Monday,False,False,False,False,False,12,4,2023
20231214,2023-12-14,Thursday,False,False,False,False,False,12,4,2023
20231216,2023-12-16,Saturday,True,False,False,False,False,12,4,2023
20231217,2023-12-17,Sunday,True,False,False,False,False,12,4,2023
20231218,2023-12-18,Monday,False,False,False,False,False,12,4,2023
20231221,2023-12-21,Thursday,False,False,False,False,False,12,4,2023
20231223,2023-12-23,Saturday,True,False,False,False,False,12,4,2023
20231224,2023-12-24,Sunday,True,False,True,False,True,12,4,2023
20231225,2023-12-25,Monday,False,True,False,False,False,12,4,2023
20231228,2023-12-28,Thursday,False,False,False,False,False,12,4,2023
20231230,2023-12-30,Saturday,True,False,False,False,False,12,4,2023
20231231,2023-12-31,Sunday,True,False,False,False,False,12,4,2023
20240106,2024-01-06,Saturday,True,False,False,False,False,1,1,2024
20240107,2024-01-07,Sunday,True,False,False,False,False,1,1,2024
20240113,2024-01-13,Saturday,True,False,False,False,False,1,1,2024
20240114,2024-01-14,Sunday,True,False,True,False,True,1,1,2024
20240115,2024-01-15,Monday,False,True,False,False,False,1,1,2024
20240120,2024-01-20,Saturday,True,False,False,False,False,1,1,2024
20240121,2024-01-21,Sunday,True,False,False,False,False,1,1,2024
20240128,2024-01-28,Sunday,True,False,False,False,False,1,1,2024
20240211,2024-02-11,Sunday,True,False,False,False,False,2,1,2024
20240905,2024-09-05,Thursday,False,False,False,False,False,9,3,2024
20240906,2024-09-06,Friday,False,False,False,False,False,9,3,2024
20240908,2024-09-08,Sunday,True,False,False,False,False,9,3,2024
20240909,2024-09-09,Monday,False,False,False,False,False,9,3,2024
20240912,2024-09-12,Thursday,False,False,False,False,False,9,3,2024
20240915,2024-09-15,Sunday,True,False,False,False,False,9,3,2024
20240916,2024-09-16,Monday,False,False,False,False,False,9,3,2024
20240919,2024-09-19,Thursday,False,False,False,False,False,9,3,2024
20240922,2024-09-22,Sunday,True,False,False,False,False,9,3,2024
20240923,2024-09-23,Monday,False,False,False,False,False,9,3,2024
20240926,2024-09-26,Thursday,False,False,False,False,False,9,3,2024
20240929,2024-09-29,Sunday,True,False,False,False,False,9,3,2024
20240930,2024-09-30,Monday,False,False,False,False,False,9,3,2024
20241003,2024-10-03,Thursday,False,False,False,False,False,10,4,2024
20241006,2024-10-06,Sunday,True,False,False,False,False,10,4,2024
20241007,2024-10-07,Monday,False,False,False,False,False,10,4,2024
20241010,2024-10-10,Thursday,False,False,False,False,False,10,4,2024
20241013,2024-10-13,Sunday,True,False,True,False,True,10,4,2024
20241014,2024-10-14,Monday,False,True,False,False,False,10,4,2024
20241017,2024-10-17,Thursday,False,False,False,False,False,10,4,2024
20241020,2024-10-20,Sunday,True,False,False,False,False,10,4,2024
20241021,2024-10-21,Monday,False,False,False,False,False,10,4,2024
20241024,2024-10-24,Thursday,False,False,False,False,False,10,4,2024
20241027,2024-10-27,Sunday,True,False,False,False,False,10,4,2024
20241028,2024-10-28,Monday,False,False,False,False,False,10,4,2024
20241031,2024-10-31,Thursday,False,False,False,False,False,10,4,2024
20241103,2024-11-03,Sunday,True,False,False,False,False,11,4,2024
20241104,2024-11-04,Monday,False,False,False,False,False,11,4,2024
20241107,2024-11-07,Thursday,False,False,False,False,False,11,4,2024
20241110,2024-11-10,Sunday,True,False,True,False,True,11,4,2024
20241111,2024-11-11,Monday,False,True,False,False,False,11,4,2024
20241114,2024-11-14,Thursday,False,False,False,False,False,11,4,2024
20241117,2024-11-17,Sunday,True,False,False,False,False,11,4,2024
20241118,2024-11-18,Monday,False,False,False,False,False,11,4,2024
20241121,2024-11-21,Thursday,False,False,False,False,False,11,4,2024
20241124,2024-11-24,Sunday,True,False,False,False,False,11,4,2024
20241125,2024-11-25,Monday,False,False,False,False,False,11,4,2024
20241128,2024-11-28,Thursday,False,True,False,False,False,11,4,2024
20241129,2024-11-29,Friday,False,False,False,True,True,11,4,2024
20241201,2024-12-01,Sunday,True,False,False,False,False,12,4,2024
20241202,2024-12-02,Monday,False,False,False,False,False,12,4,2024
20241205,2024-12-05,Thursday,False,False,False,False,False,12,4,2024
20241208,2024-12-08,Sunday,True,False,False,False,False,12,4,2024
20241209,2024-12-09,Monday,False,False,False,False,False,12,4,2024
20241212,2024-12-12,Thursday,False,False,False,False,False,12,4,2024
20241215,2024-12-15,Sunday,True,False,False,False,False,12,4,2024
20241216,2024-12-16,Monday,False,False,False,False,False,12,4,2024
20241219,2024-12-19,Thursday,False,False,False,False,False,12,4,2024
20241221,2024-12-21,Saturday,True,False,False,False,False,12,4,2024
20241222,2024-12-22,Sunday,True,False,False,False,False,12,4,2024
20241223,2024-12-23,Monday,False,False,False,False,False,12,4,2024
20241225,2024-12-25,Wednesday,False,True,False,False,False,12,4,2024
20241226,2024-12-26,Thursday,False,False,False,True,True,12,4,2024
20241228,2024-12-28,Saturday,True,False,False,False,False,12,4,2024
20241229,2024-12-29,Sunday,True,False,False,False,False,12,4,2024
20241230,2024-12-30,Monday,False,False,False,False,False,12,4,2024
20250104,2025-01-04,Saturday,True,False,False,False,False,1,1,2025
20250105,2025-01-05,Sunday,True,False,False,False,False,1,1,2025
20250111,2025-01-11,Saturday,True,False,False,False,False,1,1,2025
20250112,2025-01-12,Sunday,True,False,False,False,False,1,1,2025
20250113,2025-01-13,Monday,False,False,False,False,False,1,1,2025
20250118,2025-01-18,Saturday,True,False,False,False,False,1,1,2025
20250119,2025-01-19,Sunday,True,False,False,False,False,1,1,2025
20250126,2025-01-26,Sunday,True,False,False,False,False,1,1,2025
20250209,2025-02-09,Sunday,True,False,False,False,False,2,1,2025
20250904,2025-09-04,Thursday,False,False,False,False,False,9,3,2025
20250905,2025-09-05,Friday,False,False,False,False,False,9,3,2025
20250907,2025-09-07,Sunday,True,False,False,False,False,9,3,2025
20250908,2025-09-08,Monday,False,False,False,False,False,9,3,2025
20250911,2025-09-11,Thursday,False,False,False,False,False,9,3,2025
20250914,2025-09-14,Sunday,True,False,False,False,False,9,3,2025
20250915,2025-09-15,Monday,False,False,False,False,False,9,3,2025
20250918,2025-09-18,Thursday,False,False,False,False,False,9,3,2025
20250921,2025-09-21,Sunday,True,False,False,False,False,9,3,2025
20250922,2025-09-22,Monday,False,False,False,False,False,9,3,2025
20250925,2025-09-25,Thursday,False,False,False,False,False,9,3,2025
20250928,2025-09-28,Sunday,True,False,False,False,False,9,3,2025
20250929,2025-09-29,Monday,False,False,False,False,False,9,3,2025
20251002,2025-10-02,Thursday,False,False,False,False,False,10,4,2025
20251005,2025-10-05,Sunday,True,False,False,False,False,10,4,2025
20251006,2025-10-06,Monday,False,False,False,False,False,10,4,2025
20251009,2025-10-09,Thursday,False,False,False,False,False,10,4,2025
20251012,2025-10-12,Sunday,True,False,True,False,True,10,4,2025
20251013,2025-10-13,Monday,False,True,False,False,False,10,4,2025
20251016,2025-10-16,Thursday,False,False,False,False,False,10,4,2025
20251019,2025-10-19,Sunday,True,False,False,False,False,10,4,2025
20251020,2025-10-20,Monday,False,False,False,False,False,10,4,2025
20251023,2025-10-23,Thursday,False,False,False,False,False,10,4,2025
20251026,2025-10-26,Sunday,True,False,False,False,False,10,4,2025
20251027,2025-10-27,Monday,False,False,False,False,False,10,4,2025
20251030,2025-10-30,Thursday,False,False,False,False,False,10,4,2025
20251102,2025-11-02,Sunday,True,False,False,False,False,11,4,2025
20251103,2025-11-03,Monday,False,False,False,False,False,11,4,2025
20251106,2025-11-06,Thursday,False,False,False,False,False,11,4,2025
20251109,2025-11-09,Sunday,True,False,False,False,False,11,4,2025
20251110,2025-11-10,Monday,False,False,False,False,False,11,4,2025
20251113,2025-11-13,Thursday,False,False,False,False,False,11,4,2025
20251116,2025-11-16,Sunday,True,False,False,False,False,11,4,2025
20251117,2025-11-17,Monday,False,False,False,False,False,11,4,2025
20251120,2025-11-20,Thursday,False,False,False,False,False,11,4,2025
20251123,2025-11-23,Sunday,True,False,False,False,False,11,4,2025
20251124,2025-11-24,Monday,False,False,False,False,False,11,4,2025
20251127,2025-11-27,Thursday,False,True,False,False,False,11,4,2025
20251128,2025-11-28,Friday,False,False,False,True,True,11,4,2025
20251130,2025-11-30,Sunday,True,False,False,False,False,11,4,2025
20251201,2025-12-01,Monday,False,False,False,False,False,12,4,2025
20251204,2025-12-04,Thursday,False,False,False,False,False,12,4,2025
20251207,2025-12-07,Sunday,True,False,False,False,False,12,4,2025
20251208,2025-12-08,Monday,False,False,False,False,False,12,4,2025
20251211,2025-12-11,Thursday,False,False,False,False,False,12,4,2025
20251214,2025-12-14,Sunday,True,False,False,False,False,12,4,2025
20251215,2025-12-15,Monday,False,False,False,False,False,12,4,2025
20251218,2025-12-18,Thursday,False,False,False,False,False,12,4,2025
20251220,2025-12-20,Saturday,True,False,False,False,False,12,4,2025
20251221,2025-12-21,Sunday,True,False,False,False,False,12,4,2025
20251222,2025-12-22,Monday,False,False,False,False,False,12,4,2025
20251225,2025-12-25,Thursday,False,True,False,False,False,12,4,2025
20251227,2025-12-27,Saturday,True,False,False,False,False,12,4,2025
20251228,2025-12-28,Sunday,True,False,False,False,False,12,4,2025
20251229,2025-12-29,Monday,False,False,False,False,False,12,4,2025
20260103,2026-01-03,Saturday,True,False,False,False,False,1,1,2026
20260104,2026-01-04,Sunday,True,False,False,False,False,1,1,2026
20260110,2026-01-10,Saturday,True,False,False,False,False,1,1,2026
20260111,2026-01-11,Sunday,True,False,False,False,False,1,1,2026
20260112,2026-01-12,Monday,False,False,False,False,False,1,1,2026
20260117,2026-01-17,Saturday,True,False,False,False,False,1,1,2026
20260118,2026-01-18,Sunday,True,False,False,False,False,1,1,2026
20260125,2026-01-25,Sunday,True,False,False,False,False,1,1,2026
20260208,2026-02-08,Sunday,True,False,False,False,False,2,1,2026
